Device_ID,Timestamp,Temperature,Vibration,Pressure,Failure
Device_D,2024-01-01 00:00:00,61.99334722721291,0.6145039721854347,101.38516394604835,1
Device_A,2024-01-01 01:00:00,69.07797452041602,1.3752161850514228,105.6974962091638,0
Device_B,2024-01-01 02:00:00,75.32441331552123,1.1979570291717325,102.08279564734843,0
Device_A,2024-01-01 03:00:00,69.74940439794372,0.9460178664606385,104.20098650449634,0
Device_D,2024-01-01 04:00:00,72.08894864703254,0.40096438560205594,98.37722663579265,0
Device_B,2024-01-01 05:00:00,64.36262741760089,1.113216060094285,105.3079028510007,0
Device_C,2024-01-01 06:00:00,70.88009155900711,0.9786163366890153,102.7511123713027,0
Device_C,2024-01-01 07:00:00,71.09629145540907,0.24920968879825856,100.94807668365381,0
Device_C,2024-01-01 08:00:00,79.78039953430074,0.64809659025746,96.38035221193296,0
Device_D,2024-01-01 09:00:00,73.56626868034421,1.040545424083491,101.7438959026279,0
Device_B,2024-01-01 10:00:00,75.53436705821069,1.2529870143788495,100.71569352924372,0
Device_C,2024-01-01 11:00:00,73.50429082690067,0.6122382981383316,102.37949117045447,0
Device_D,2024-01-01 12:00:00,73.98049936370249,0.5633173430818028,104.4859132300861,0
Device_B,2024-01-01 13:00:00,71.4334139735378,1.3374646852130014,101.85548917805194,0
Device_D,2024-01-01 14:00:00,66.47182059222156,0.9602550177506071,103.87336987494557,0
Device_D,2024-01-01 15:00:00,69.5225070955488,1.2459642781201248,102.00555832064794,0
Device_D,2024-01-01 16:00:00,73.27658762971254,1.1008637469736047,100.13120598674784,0
Device_C,2024-01-01 17:00:00,70.717485835565,0.7954282488120077,101.48498225636084,0
Device_B,2024-01-01 18:00:00,69.8433157871965,1.16168619673507,104.50954645223763,0
Device_C,2024-01-01 19:00:00,69.7379705328344,0.695866098178882,100.00760797387792,0
Device_D,2024-01-01 20:00:00,68.27471098184188,0.25519226931837163,102.2134672394495,0
Device_B,2024-01-01 21:00:00,69.5613969458775,0.3478235737002593,99.95418647533187,0
Device_B,2024-01-01 22:00:00,62.28109620994254,0.7245536307880049,100.8984957235859,0
Device_D,2024-01-01 23:00:00,69.89444121199683,1.0135523327377889,101.6919950289567,0
Device_A,2024-01-02 00:00:00,67.1968032444109,1.0794691127688876,97.8928549446593,0
Device_D,2024-01-02 01:00:00,71.06533924927061,1.3934557672080412,101.31965047179514,0
Device_B,2024-01-02 02:00:00,75.39959034432843,0.36268554979818624,102.8830857189819,0
Device_C,2024-01-02 03:00:00,77.29573505556499,1.0062809386532692,99.9451806980451,0
Device_B,2024-01-02 04:00:00,67.11041617990288,1.0018298131462593,105.2292444385694,0
Device_C,2024-01-02 05:00:00,71.22790966531755,0.30800174985713635,99.54953700404792,0
Device_B,2024-01-02 06:00:00,67.25291040963272,0.49306917303493114,98.97564103682167,0
Device_B,2024-01-02 07:00:00,77.0571027797393,0.6496897948796242,103.00650648990947,0
Device_B,2024-01-02 08:00:00,63.05744079996169,0.8928618895734826,100.44288597835431,0
Device_D,2024-01-02 09:00:00,74.6662275124386,1.407163530737331,103.3060253493242,0
Device_B,2024-01-02 10:00:00,60.932323143488745,0.6813128432805597,100.61514052727358,0
Device_D,2024-01-02 11:00:00,77.06891055150788,1.3026078988971186,100.08324883992447,0
Device_C,2024-01-02 12:00:00,59.494387892539685,1.1701108056039973,101.03103525357211,0
Device_B,2024-01-02 13:00:00,68.51578779624539,0.3978083198623471,96.63210998499709,0
Device_D,2024-01-02 14:00:00,72.01052000238,0.29294316361156614,100.65788224506767,0
Device_A,2024-01-02 15:00:00,68.1191427248154,1.3311733825976961,102.61125546325047,0
Device_C,2024-01-02 16:00:00,72.15679717939479,1.0995636456064357,101.36175677380179,0
Device_B,2024-01-02 17:00:00,53.6634130731572,0.7143350507211219,100.55951587729328,0
Device_A,2024-01-02 18:00:00,70.77212746858332,0.49582287169225703,100.72728797878288,0
Device_B,2024-01-02 19:00:00,73.80632571531135,0.33428627051100024,102.7078496049649,0
Device_B,2024-01-02 20:00:00,72.23004764813773,1.4621275935954137,98.98896156325804,0
Device_A,2024-01-02 21:00:00,69.86897557546544,1.4873313154922134,103.31306542655378,0
Device_D,2024-01-02 22:00:00,74.4651242668337,1.3478975312679973,100.7412568127336,0
Device_D,2024-01-02 23:00:00,75.03221810279047,0.24875021749565243,98.56310012692458,0
Device_D,2024-01-03 00:00:00,61.18492482051297,0.5303881683425513,100.00289155119471,0
Device_B,2024-01-03 01:00:00,75.79783893112675,0.39097838137513463,102.76048998157209,0
Device_A,2024-01-03 02:00:00,68.50443916778842,1.310929124211809,100.3685398645839,0
Device_D,2024-01-03 03:00:00,75.28447390146174,1.1209513720253967,100.3887180707931,0
Device_D,2024-01-03 04:00:00,61.95352766012796,0.9219863916854247,101.14650406123711,0
Device_B,2024-01-03 05:00:00,64.98059234093002,1.259652165270064,99.49243735271418,0
Device_C,2024-01-03 06:00:00,72.46775249732406,1.4004434005168507,101.76764650090766,0
Device_A,2024-01-03 07:00:00,67.72240246164775,0.47072293308792706,101.89644106174212,0
Device_C,2024-01-03 08:00:00,77.1070549340813,1.215932553734683,99.34412948267111,0
Device_B,2024-01-03 09:00:00,65.197308151593,0.8103660993900699,103.49351172581778,0
Device_C,2024-01-03 10:00:00,67.85472727936485,0.2990031033769662,102.72080547398997,0
Device_C,2024-01-03 11:00:00,71.72269414999612,0.48071041401455566,100.72161978435912,0
Device_D,2024-01-03 12:00:00,68.28182532963524,0.7954456783193662,102.66279680210614,0
Device_D,2024-01-03 13:00:00,71.04058224945464,1.3028568266185843,103.74743813402586,0
Device_B,2024-01-03 14:00:00,73.92602991201393,0.5369385055640791,101.10541546276148,0
Device_A,2024-01-03 15:00:00,70.1301571025218,0.3210998021568124,100.96144382631535,0
Device_C,2024-01-03 16:00:00,64.91223761159648,1.418997600744462,98.09185336574075,0
Device_A,2024-01-03 17:00:00,69.9457608931248,1.4205860311111453,105.51550848559064,0
Device_A,2024-01-03 18:00:00,70.89038402347818,0.22321374910489947,103.54373314829499,0
Device_C,2024-01-03 19:00:00,68.47485284812781,1.4952835896305485,98.8594045892426,0
Device_D,2024-01-03 20:00:00,69.3874481260619,0.706831018574398,103.76866921473464,0
Device_A,2024-01-03 21:00:00,60.55902105934065,1.3902790226077009,98.82513011975516,0
Device_C,2024-01-03 22:00:00,63.73845217904429,1.1533513719865895,98.82360665548265,0
Device_A,2024-01-03 23:00:00,71.5740034939494,1.2578480234700349,99.7795002020612,0
Device_B,2024-01-04 00:00:00,71.69189684661124,0.5212943931263199,102.45674419320345,0
Device_D,2024-01-04 01:00:00,71.5922238192087,0.3351718668753961,101.02905399700913,0
Device_A,2024-01-04 02:00:00,77.08806560646126,0.7926975947658468,102.30894669199968,0
Device_C,2024-01-04 03:00:00,78.15613177758476,1.3703346682219226,97.12475659023742,0
Device_B,2024-01-04 04:00:00,64.1265004749867,0.7601243676487,101.40941212949714,0
Device_D,2024-01-04 05:00:00,66.59602737780722,1.1594469002451266,100.46677693333089,0
Device_B,2024-01-04 06:00:00,70.04271698557555,1.1190317567512675,102.76237844038666,0
Device_B,2024-01-04 07:00:00,70.55901361612906,1.2411056061345518,98.42763363150075,0
Device_C,2024-01-04 08:00:00,69.54942518356535,0.5499669560510703,102.85603830727781,0
Device_A,2024-01-04 09:00:00,71.2551796111442,0.24304439527198193,102.34719126415709,0
Device_A,2024-01-04 10:00:00,71.53878128309428,0.5334551628164669,99.72751199797182,0
Device_B,2024-01-04 11:00:00,63.70579469731093,1.2699850325523638,102.36839958545113,0
Device_C,2024-01-04 12:00:00,68.38707112172281,0.23660214496747678,100.22958857076925,0
Device_B,2024-01-04 13:00:00,62.191363769253016,0.9991579775298565,102.6068384265638,0
Device_C,2024-01-04 14:00:00,68.3608757964199,0.6358361073495087,102.18801954609869,0
Device_C,2024-01-04 15:00:00,72.91982400683001,0.8545530807860264,99.72233985449682,0
Device_D,2024-01-04 16:00:00,66.61101088353293,0.6745569808326404,99.21961276982611,0
Device_D,2024-01-04 17:00:00,74.59972027272475,0.937891709678347,101.68562556569675,0
Device_B,2024-01-04 18:00:00,77.23639197220062,0.4292319385333119,100.72782192664191,0
Device_B,2024-01-04 19:00:00,62.97063385367727,0.5615938386865444,96.5996856756387,0
Device_A,2024-01-04 20:00:00,66.93668218580073,0.9800335949615671,100.84413424859554,0
Device_B,2024-01-04 21:00:00,61.740696473946194,1.1008223920369367,102.05424311412311,0
Device_B,2024-01-04 22:00:00,79.04796780211367,1.4061116795830426,103.39697712912427,0
Device_A,2024-01-04 23:00:00,73.55067832279808,0.9416367404678494,103.67550748695075,0
Device_C,2024-01-05 00:00:00,77.5358300052871,0.8760160339585625,103.7278953568112,0
Device_A,2024-01-05 01:00:00,71.1551029844182,1.499853403372032,98.00820329848626,0
Device_B,2024-01-05 02:00:00,67.92500081699846,0.47339582749203096,101.15156382478817,0
Device_D,2024-01-05 03:00:00,69.49257839761643,1.326058688778204,104.9161177571672,0
Device_D,2024-01-05 04:00:00,78.47003464381227,1.4957006319150037,102.73676391961773,0
Device_A,2024-01-05 05:00:00,68.45605940864282,0.5231385018236396,102.5276380719162,0
Device_A,2024-01-05 06:00:00,69.48892211991921,0.7254779744638284,101.6125333407252,0
Device_C,2024-01-05 07:00:00,70.79030889292045,1.1181740900144819,99.56499677844884,0
Device_A,2024-01-05 08:00:00,73.94729204260115,1.4799756834276447,102.53643200010755,0
Device_D,2024-01-05 09:00:00,67.31914028323878,0.8431678623311671,101.53276977659058,0
Device_C,2024-01-05 10:00:00,69.63215408028282,0.593416071151948,100.82083049652431,0
Device_C,2024-01-05 11:00:00,63.538048879332244,1.1377727330335368,97.65813607644824,0
Device_A,2024-01-05 12:00:00,78.13245322997966,0.2557914508485857,99.73370839447821,0
Device_A,2024-01-05 13:00:00,68.22474681986446,1.2887214653270087,102.35437091438051,0
Device_D,2024-01-05 14:00:00,68.77507177841387,1.399726507672852,102.6295920057694,0
Device_D,2024-01-05 15:00:00,64.27224555863945,1.4447278831012458,100.29231819073617,0
Device_B,2024-01-05 16:00:00,68.37459728810974,0.20525966123627087,100.06497039275372,0
Device_D,2024-01-05 17:00:00,64.02253185648023,0.2813991981765511,100.21224089893857,0
Device_B,2024-01-05 18:00:00,73.7907153394704,0.49539569049281423,98.19803785315226,0
Device_B,2024-01-05 19:00:00,73.53481072523782,0.9267732642745385,104.34946755362115,0
Device_C,2024-01-05 20:00:00,73.61639038406392,0.6487725834946221,102.36391795147905,0
Device_B,2024-01-05 21:00:00,72.89277764283808,0.7644594883932998,99.75237975439128,0
Device_C,2024-01-05 22:00:00,72.49526080782996,1.138471581605565,98.46223650831217,0
Device_D,2024-01-05 23:00:00,66.62416586895735,1.451212078653403,99.17891531784507,1
Device_C,2024-01-06 00:00:00,72.82356199658632,1.3984193109085774,99.16305474990506,0
Device_C,2024-01-06 01:00:00,75.64515535157462,1.2039422239621829,102.55674651089704,1
Device_B,2024-01-06 02:00:00,73.50451910189324,1.0270811855745374,96.85651271113886,0
Device_D,2024-01-06 03:00:00,75.44786320193084,1.2549367953159496,102.21546331048076,0
Device_C,2024-01-06 04:00:00,71.33978815154173,1.3130382852552447,103.05202036480392,0
Device_C,2024-01-06 05:00:00,76.54215095127861,0.8071125341859551,101.90986801107236,0
Device_A,2024-01-06 06:00:00,72.12832945492585,0.9329726619091792,100.7846179467496,0
Device_D,2024-01-06 07:00:00,73.79347731671025,0.46013020028682666,103.21666873202524,0
Device_B,2024-01-06 08:00:00,65.80805606307551,0.7789535637657172,102.3110670134833,0
Device_D,2024-01-06 09:00:00,72.18076537059214,1.3530086330356952,101.97792630836742,0
Device_C,2024-01-06 10:00:00,72.94476328081734,1.4206273064992958,100.5849226239664,0
Device_B,2024-01-06 11:00:00,72.65943255449731,0.20159629160544995,98.11294749332143,0
Device_A,2024-01-06 12:00:00,70.1356913889396,1.0399702313022847,100.17317724609367,0
Device_D,2024-01-06 13:00:00,76.06268031281195,1.2565366992297133,102.34445658900655,0
Device_B,2024-01-06 14:00:00,62.7028090709881,1.11844405601214,101.77042486730657,0
Device_D,2024-01-06 15:00:00,69.59740476724375,1.0962800992510353,99.60721649699755,0
Device_A,2024-01-06 16:00:00,76.456976792832,0.9166887354177011,101.00116850346275,0
Device_B,2024-01-06 17:00:00,67.86443751986103,0.5163324143054508,100.04528670413981,0
Device_A,2024-01-06 18:00:00,65.54182286063596,1.3160384087300911,101.46226460249005,0
Device_A,2024-01-06 19:00:00,74.14686553144851,0.4208879773543085,100.36129887716992,0
Device_C,2024-01-06 20:00:00,65.84117668439886,0.8845529447683449,101.39413950098849,0
Device_B,2024-01-06 21:00:00,70.6345224084143,0.9223080898411085,101.7878306045543,0
Device_D,2024-01-06 22:00:00,65.73595393927894,0.979683393496326,102.24061992051467,0
Device_A,2024-01-06 23:00:00,67.67999386735481,0.6334536891384077,99.54948690168547,0
Device_D,2024-01-07 00:00:00,77.31571670987036,0.5251934700470717,99.57695213541648,0
Device_B,2024-01-07 01:00:00,74.28961699327814,0.7365939442907521,101.1260664251881,0
Device_D,2024-01-07 02:00:00,70.40713960629574,1.2524625005101464,103.64674662416682,0
Device_D,2024-01-07 03:00:00,66.29347521284481,0.3401173921318773,102.69713598854669,0
Device_A,2024-01-07 04:00:00,69.86865378912223,0.5880167971175069,98.7603831406346,0
Device_D,2024-01-07 05:00:00,70.0382751192846,1.4417624719532245,97.93551561331017,0
Device_D,2024-01-07 06:00:00,72.44232087574247,0.7524213273096019,100.41921603149108,1
Device_D,2024-01-07 07:00:00,59.98647793643194,1.3348811569682557,101.88193894592067,0
Device_A,2024-01-07 08:00:00,73.66420592520689,0.3119428085695944,102.4339976429955,1
Device_C,2024-01-07 09:00:00,66.10603389304245,0.5530424939884648,98.06663417770098,0
Device_C,2024-01-07 10:00:00,74.61764008257072,1.1300552808195097,100.08292395516617,0
Device_C,2024-01-07 11:00:00,62.14219668853718,1.2307120711834834,100.7527526518231,0
Device_C,2024-01-07 12:00:00,74.04798451730763,0.44225848846122773,101.36386012685395,0
Device_B,2024-01-07 13:00:00,68.05458462137076,0.2679159622487724,103.37440489356891,0
Device_B,2024-01-07 14:00:00,75.91168907445487,1.0046926628184514,101.6525431932647,0
Device_B,2024-01-07 15:00:00,77.99847524879526,1.3353350507169333,100.98792385797958,0
Device_C,2024-01-07 16:00:00,67.63905191041115,0.8415861490671583,103.23512005746406,0
Device_A,2024-01-07 17:00:00,63.33445825982227,1.1805357858737784,100.28956837254528,0
Device_B,2024-01-07 18:00:00,73.6911555707607,0.8649680561812443,98.49918322842326,1
Device_D,2024-01-07 19:00:00,73.12804748622223,0.9423390780012562,102.14147227430585,0
Device_A,2024-01-07 20:00:00,62.41752043088684,0.9016733758033799,100.73163200270075,0
Device_D,2024-01-07 21:00:00,64.54593848908179,0.6148556832789718,102.84606748644121,0
Device_C,2024-01-07 22:00:00,73.81388296964492,0.6370525031091503,99.91123553109114,0
Device_B,2024-01-07 23:00:00,63.707771161369315,0.4639114713922455,99.61669766117514,0
Device_B,2024-01-08 00:00:00,70.05641830272201,0.5559940070297145,105.17398325109053,0
Device_D,2024-01-08 01:00:00,65.6573012112582,0.6793325980426093,99.94420951310096,0
Device_B,2024-01-08 02:00:00,61.14605075605582,0.7792401514556795,101.93631297370192,0
Device_A,2024-01-08 03:00:00,69.03077738638777,1.1220155106600997,100.04143481953099,0
Device_D,2024-01-08 04:00:00,60.142270277176635,0.5619983797704995,99.62447611779692,0
Device_C,2024-01-08 05:00:00,64.71138016171331,0.2300854055012172,102.79179577961811,0
Device_D,2024-01-08 06:00:00,58.298670516208944,0.8569801124924672,100.34378700451833,0
Device_A,2024-01-08 07:00:00,69.44420079729232,1.2588813648281458,100.07564711516024,0
Device_A,2024-01-08 08:00:00,71.35903469032726,1.4330335405378796,100.17814672058284,0
Device_C,2024-01-08 09:00:00,71.43847369441805,1.448060891670586,102.9300690003976,0
Device_D,2024-01-08 10:00:00,72.45558350325287,1.131366092190611,103.17825814389374,0
Device_A,2024-01-08 11:00:00,76.21574756735066,1.0864763070769612,101.01380869406908,0
Device_D,2024-01-08 12:00:00,70.71424221150875,1.4541424010972188,103.80513601919316,0
Device_D,2024-01-08 13:00:00,76.07384326197621,1.206922443011072,99.54422353088258,0
Device_D,2024-01-08 14:00:00,73.91262279339237,1.3349897713411123,97.91921974728596,0
Device_D,2024-01-08 15:00:00,70.74958467651311,0.7064095535533232,96.82074797043455,0
Device_D,2024-01-08 16:00:00,80.13308534926288,1.1615751010105657,99.15799553889673,0
Device_B,2024-01-08 17:00:00,71.92079483249469,0.2834310855614159,101.05757325747264,0
Device_C,2024-01-08 18:00:00,67.0127611143085,1.3387406529190877,98.9338258689634,0
Device_D,2024-01-08 19:00:00,63.22922424107433,0.37427189314071085,101.83916891115454,0
Device_B,2024-01-08 20:00:00,67.15495366734196,1.0528224301923612,98.92567585107828,0
Device_B,2024-01-08 21:00:00,66.34683553870951,1.1652671429484451,100.84261698422254,0
Device_A,2024-01-08 22:00:00,65.02632110174926,0.5046397783119267,98.10488875528756,0
Device_B,2024-01-08 23:00:00,68.6831806574695,0.3065113710097732,99.19534273647443,0
Device_B,2024-01-09 00:00:00,77.10488987388104,0.9452093057137934,100.31579061580221,0
Device_D,2024-01-09 01:00:00,58.64288928404246,0.35155946070610566,99.36148212857151,0
Device_A,2024-01-09 02:00:00,68.27759523457023,0.5992854149192628,100.7757943371285,0
Device_B,2024-01-09 03:00:00,67.17792876377364,1.1814219408311821,102.6044506032016,0
Device_C,2024-01-09 04:00:00,72.89692935786489,0.39388136406263785,102.58216970969733,0
Device_B,2024-01-09 05:00:00,75.33750324732604,0.2735898357076988,104.13569889725972,0
Device_D,2024-01-09 06:00:00,78.82649026233254,0.9391383049832525,98.48089103764165,0
Device_A,2024-01-09 07:00:00,65.0825854054782,0.47921920885847036,104.23127363211577,0
Device_D,2024-01-09 08:00:00,67.8717908101772,0.622427945170432,105.4696057496411,0
Device_A,2024-01-09 09:00:00,71.10001052553694,0.43235173365153434,98.500911277636,0
Device_A,2024-01-09 10:00:00,75.64763151572822,1.3147405527666658,102.17907710643004,0
Device_C,2024-01-09 11:00:00,68.73500597778342,0.8284315364799026,102.07576222319466,0
Device_B,2024-01-09 12:00:00,68.30677827006389,1.1151548409549736,101.0715100050106,0
Device_B,2024-01-09 13:00:00,66.27517478079729,0.48806230961488434,102.10473169265212,0
Device_B,2024-01-09 14:00:00,77.0344686069227,0.5711589628982948,100.54818398423821,0
Device_C,2024-01-09 15:00:00,65.35938508812758,1.3248823013479512,102.48291900279219,0
Device_B,2024-01-09 16:00:00,68.99115737606745,1.2394995501183164,98.40848134180493,1
Device_D,2024-01-09 17:00:00,66.89923697801869,1.055918049980625,102.30161369194367,0
Device_D,2024-01-09 18:00:00,69.10716907508568,0.6511269233259305,103.12355765140346,0
Device_A,2024-01-09 19:00:00,74.53019810437473,0.6714571290825422,102.98307618871759,0
Device_D,2024-01-09 20:00:00,70.31759495803209,0.8057236566468255,105.62930692427614,0
Device_C,2024-01-09 21:00:00,70.4429422610793,0.5278622007944312,100.60025868612372,0
Device_B,2024-01-09 22:00:00,70.92326082400587,1.388220586337885,100.06530908610368,0
Device_A,2024-01-09 23:00:00,73.9332492773291,0.49204937612647476,100.97706131751127,0
Device_A,2024-01-10 00:00:00,74.78167207434795,1.4758100067097029,102.6690627840498,0
Device_B,2024-01-10 01:00:00,58.52385437862877,0.43585002150505203,101.7315016977117,0
Device_B,2024-01-10 02:00:00,71.51064612882813,1.2687988580293525,102.20681539283963,0
Device_A,2024-01-10 03:00:00,60.3004539892128,0.5327241976696326,99.64666015678138,1
Device_B,2024-01-10 04:00:00,54.62452654299999,0.7948491311125192,97.35872123483614,0
Device_D,2024-01-10 05:00:00,60.82714166839824,0.7985226686091402,98.69943375649322,0
Device_C,2024-01-10 06:00:00,66.50171825089731,1.1510203874029397,102.49176177791546,0
Device_D,2024-01-10 07:00:00,76.09121291519125,0.7628104388704728,105.72667069810191,0
Device_B,2024-01-10 08:00:00,65.10030334920356,0.9716283852198784,99.00968046264086,0
Device_D,2024-01-10 09:00:00,71.39135672378804,0.8224673900734809,101.81906646008328,0
Device_D,2024-01-10 10:00:00,79.96140504148569,1.033108143237962,97.73276145445705,0
Device_C,2024-01-10 11:00:00,63.58144530437265,0.8459887163202195,100.92210560113665,0
Device_D,2024-01-10 12:00:00,71.14188527626854,0.7560747290742253,104.85504613239262,0
Device_C,2024-01-10 13:00:00,78.91052513976213,0.44300993403527456,97.4105164760218,0
Device_D,2024-01-10 14:00:00,73.00481019254616,0.9359227649631492,102.29935829344018,0
Device_C,2024-01-10 15:00:00,65.88841118218643,1.3375004598198947,100.6337084518959,0
Device_C,2024-01-10 16:00:00,71.69231677382979,1.2347641627411152,101.4346476463466,0
Device_D,2024-01-10 17:00:00,66.96310193799168,1.2093814317779528,102.21572194757871,0
Device_B,2024-01-10 18:00:00,73.31649047197536,0.3704197160094964,103.81622619354442,0
Device_B,2024-01-10 19:00:00,76.7498835456633,1.446541067220778,103.68001274201376,0
Device_C,2024-01-10 20:00:00,64.74368230015573,1.3752581945988749,101.4655097639132,0
Device_B,2024-01-10 21:00:00,65.82842825268285,0.8446260437510495,97.27384006086076,0
Device_C,2024-01-10 22:00:00,70.53784128960926,1.3418598899353822,100.46292877235935,0
Device_A,2024-01-10 23:00:00,72.33010518449058,1.3623881471371733,100.62690180640597,0
Device_A,2024-01-11 00:00:00,61.00692884346883,0.5601703400613152,98.54602460719819,0
Device_B,2024-01-11 01:00:00,74.64135090920836,1.329180090937832,104.15145842807266,0
Device_B,2024-01-11 02:00:00,73.82330916678431,0.3910645409951945,103.3307641516761,0
Device_A,2024-01-11 03:00:00,73.98807350510292,1.4102923793874846,101.83920507525897,0
Device_B,2024-01-11 04:00:00,75.41401300601962,1.1844879447739975,98.94864932461861,0
Device_A,2024-01-11 05:00:00,69.08345593822942,0.557553621268176,103.45263659745896,0
Device_C,2024-01-11 06:00:00,62.87406298387474,1.452078173136868,105.25744140325708,0
Device_A,2024-01-11 07:00:00,67.4910023554779,1.438670089154198,99.6801560839795,0
Device_A,2024-01-11 08:00:00,65.6516929845616,0.8627363784521598,98.92613146753854,0
Device_C,2024-01-11 09:00:00,74.0191019912064,0.9917579921469033,99.04535296006391,1
Device_C,2024-01-11 10:00:00,71.75075203712296,1.1259113590794991,104.00513893683924,0
Device_B,2024-01-11 11:00:00,68.29921915042449,1.2337153301009272,100.9067642728378,0
Device_B,2024-01-11 12:00:00,67.03598815083997,0.5384520978794047,103.01889392747924,0
Device_C,2024-01-11 13:00:00,68.63422046682236,0.4364945521338278,103.30757651188854,0
Device_C,2024-01-11 14:00:00,69.1146289495419,1.1868627886758607,102.48338460995738,0
Device_C,2024-01-11 15:00:00,69.26484733617107,0.9677167470618755,102.34987572015635,0
Device_A,2024-01-11 16:00:00,62.70468543349857,1.2409687772324083,102.76585412938454,0
Device_C,2024-01-11 17:00:00,68.67953027272102,0.6998066822621487,98.24108220043817,0
Device_B,2024-01-11 18:00:00,73.84341673637489,1.2301322848045608,103.52884732510194,0
Device_B,2024-01-11 19:00:00,69.22709412568814,0.7172998751896396,103.36440698608345,0
Device_A,2024-01-11 20:00:00,76.35085778200579,0.7599183011345125,103.26911004263543,0
Device_A,2024-01-11 21:00:00,65.41322345852113,0.2635843810738055,102.82950729342235,0
Device_C,2024-01-11 22:00:00,65.07538781018678,1.3664238212623931,99.41099344448206,0
Device_B,2024-01-11 23:00:00,69.83154280093966,0.7763648281813968,103.62141150355141,1
Device_C,2024-01-12 00:00:00,63.94973664382751,0.5531139902091996,102.20607759344335,0
Device_C,2024-01-12 01:00:00,66.22042972147082,0.4016950388544571,102.14429732138844,0
Device_A,2024-01-12 02:00:00,73.94609070571946,0.9845125505951569,100.95841544532858,0
Device_C,2024-01-12 03:00:00,70.53664375802691,0.6334065629381265,101.291350050567,0
Device_B,2024-01-12 04:00:00,62.24658267107429,0.43805931117646213,102.16383785514425,1
Device_C,2024-01-12 05:00:00,66.62781545104814,1.0610649359259055,105.35652499071938,0
Device_B,2024-01-12 06:00:00,71.18756629280236,0.5786499726699077,98.37171262557322,0
Device_D,2024-01-12 07:00:00,66.27501375812318,0.6525553164200175,98.77710758785318,0
Device_C,2024-01-12 08:00:00,70.94981223322516,1.0317712950340001,98.985519346037,0
Device_D,2024-01-12 09:00:00,65.87478973934847,0.24816365195424497,101.21702588743508,0
Device_A,2024-01-12 10:00:00,74.11786871268566,0.48719185346596067,100.07412934969358,0
Device_A,2024-01-12 11:00:00,69.98756084405113,1.0530615399017016,98.6512899912493,0
Device_D,2024-01-12 12:00:00,76.05216981756881,1.1670760654565746,99.46719207296114,0
Device_B,2024-01-12 13:00:00,71.7550631837105,0.961730784700886,102.80929013835407,0
Device_A,2024-01-12 14:00:00,73.65744354383317,0.9340353752133297,98.34894349425794,0
Device_A,2024-01-12 15:00:00,69.99511416039464,0.5778769861078037,102.2571558541023,0
Device_D,2024-01-12 16:00:00,77.22783569547624,0.7426890529523911,104.80632684565137,0
Device_A,2024-01-12 17:00:00,72.16328460159183,0.6066715392472031,100.5218747880835,0
Device_C,2024-01-12 18:00:00,67.53969989439429,0.9959883271991279,104.17488203210802,0
Device_D,2024-01-12 19:00:00,68.63361873567816,0.9915637752311224,99.09109795680772,0
Device_B,2024-01-12 20:00:00,67.87088278433149,0.5076007820573263,100.5397398456922,0
Device_B,2024-01-12 21:00:00,67.63574947727193,1.3693088462778438,102.48538947415126,0
Device_C,2024-01-12 22:00:00,75.80539566781219,0.5509904909894634,102.92428543226558,0
Device_D,2024-01-12 23:00:00,70.10368876243237,0.7278497137350619,100.09871133640324,0
Device_C,2024-01-13 00:00:00,73.71387027279408,1.4666258759011994,100.06769902374946,0
Device_D,2024-01-13 01:00:00,68.95111780103579,0.6837054217629324,103.00292389057462,0
Device_C,2024-01-13 02:00:00,70.49896787791714,0.9613297302627246,102.5070608674556,0
Device_B,2024-01-13 03:00:00,73.5428783515788,0.7971462894104684,100.66762641971906,0
Device_D,2024-01-13 04:00:00,63.80553359767337,0.6021617628235173,98.95013948794717,0
Device_D,2024-01-13 05:00:00,70.84369493611682,0.5997997284197558,99.09758337051154,0
Device_B,2024-01-13 06:00:00,70.98466718918363,1.0670350276571212,98.33469151753839,0
Device_C,2024-01-13 07:00:00,68.3256903087163,0.905117952627776,103.64053691892352,1
Device_A,2024-01-13 08:00:00,72.08964757017208,0.2664407094110349,102.65424312235047,0
Device_A,2024-01-13 09:00:00,71.29569059281435,0.32496120030695297,101.62180623783041,0
Device_C,2024-01-13 10:00:00,71.67750546168413,0.9905040919373651,101.3484277853721,1
Device_B,2024-01-13 11:00:00,62.69522808867266,0.5918149843670306,102.24211891497403,0
Device_A,2024-01-13 12:00:00,67.38267227148856,0.42677133367233333,101.38811387338241,0
Device_A,2024-01-13 13:00:00,77.94687944245867,0.5945558065953108,103.44009616588903,0
Device_D,2024-01-13 14:00:00,71.89004113596272,0.4735827012180206,101.7035101246874,0
Device_D,2024-01-13 15:00:00,62.01755789797215,1.432759234876008,98.59488925280947,1
Device_A,2024-01-13 16:00:00,64.70242083082601,0.644357821615979,97.78946784306986,0
Device_D,2024-01-13 17:00:00,72.64492568736536,1.3389692154686978,100.72898036215989,0
Device_C,2024-01-13 18:00:00,71.51203118474955,1.3047850041275622,101.47060740907662,0
Device_C,2024-01-13 19:00:00,65.21726963220088,0.37491969603579584,105.77275204017198,0
Device_C,2024-01-13 20:00:00,73.31201041003041,0.211991007830709,100.4162642855925,0
Device_A,2024-01-13 21:00:00,65.60071365821545,1.4878993083973193,98.87802215291234,0
Device_A,2024-01-13 22:00:00,75.43401637340529,0.9567785088948,100.11155767636546,1
Device_A,2024-01-13 23:00:00,71.50276209261519,1.4352781104987227,98.64922413844351,0
Device_B,2024-01-14 00:00:00,68.73410581768998,0.9905294194828498,101.26595583043866,0
Device_B,2024-01-14 01:00:00,64.65406886999642,0.5634949048746631,104.17172994495832,0
Device_C,2024-01-14 02:00:00,76.27489633612346,0.869133645556893,99.20600138629379,0
Device_D,2024-01-14 03:00:00,73.57615045778151,1.4512466980665935,103.07407462482487,0
Device_C,2024-01-14 04:00:00,74.14357436451566,0.6435102274669473,103.22798213135547,0
Device_B,2024-01-14 05:00:00,71.34397376008704,0.6433856575821173,101.46087151617009,0
Device_C,2024-01-14 06:00:00,65.27523257234745,0.6706783636148388,105.1879047191888,0
Device_B,2024-01-14 07:00:00,67.09341535632328,0.932818424426687,101.67628280446395,0
Device_C,2024-01-14 08:00:00,63.64896493817905,0.5171297410570334,98.4755758776869,0
Device_A,2024-01-14 09:00:00,73.85686736396163,0.28521500566707503,97.95155003671739,0
Device_D,2024-01-14 10:00:00,66.68900839191501,1.1041675725769364,101.53211285961467,0
Device_A,2024-01-14 11:00:00,70.83347141061783,1.0313520140204337,102.27618901665963,0
Device_D,2024-01-14 12:00:00,66.16151375194329,0.3090666368478148,102.90190485705277,0
Device_A,2024-01-14 13:00:00,73.41988430090072,0.9281356243700025,99.78267879852919,0
Device_A,2024-01-14 14:00:00,57.12371139501309,1.3392629518704573,101.89426742045625,0
Device_B,2024-01-14 15:00:00,69.85366585944092,0.5305817648624398,99.71980000081524,0
Device_D,2024-01-14 16:00:00,70.67161068071125,0.917492819401657,101.9468985643428,0
Device_C,2024-01-14 17:00:00,73.47294786812327,1.2806775827732608,99.5392410335494,0
Device_C,2024-01-14 18:00:00,72.88628882353768,0.6420148978119006,104.87844117381488,0
Device_D,2024-01-14 19:00:00,74.44785946465936,1.4889769856928128,100.87473998875667,0
Device_C,2024-01-14 20:00:00,70.22562874662611,0.7715983869496799,102.86462707913786,0
Device_D,2024-01-14 21:00:00,71.74543196256047,0.28722482992546206,98.15128495792008,0
Device_B,2024-01-14 22:00:00,69.81326195115717,1.4911000258002785,101.43321334383256,0
Device_B,2024-01-14 23:00:00,72.42120815189118,1.0237271907220284,99.52231565478962,0
Device_A,2024-01-15 00:00:00,64.44867701527274,1.0008260927221675,100.6558216423746,0
Device_D,2024-01-15 01:00:00,62.62976257332011,0.2945201862338803,101.11214493882892,0
Device_B,2024-01-15 02:00:00,76.23839138014657,0.8610022988594641,101.4535882863323,0
Device_B,2024-01-15 03:00:00,74.92094724773965,0.8900998111883553,102.08925947566475,0
Device_D,2024-01-15 04:00:00,74.18699873833694,0.5646724501979384,101.18986345277453,0
Device_A,2024-01-15 05:00:00,72.24250572099335,1.4515583120686493,102.15095338561179,0
Device_C,2024-01-15 06:00:00,63.10507917423268,1.3803166965318676,101.76180628576896,0
Device_B,2024-01-15 07:00:00,71.99175735927639,0.9023749893958928,99.46994712660567,0
Device_B,2024-01-15 08:00:00,74.65270766832765,0.5670322271083179,99.56893381229723,0
Device_A,2024-01-15 09:00:00,67.12924663307733,0.7618687393665455,103.37460911995194,0
Device_C,2024-01-15 10:00:00,76.93692813044102,0.7057262520925467,99.54534122070892,0
Device_D,2024-01-15 11:00:00,80.47845239185207,0.33562536743093285,104.28227029678862,0
Device_C,2024-01-15 12:00:00,73.41384072590263,1.0461610614978831,98.84087637488096,0
Device_C,2024-01-15 13:00:00,66.86779336587108,1.1787329082163687,101.03275129079417,0
Device_C,2024-01-15 14:00:00,65.68707144175181,0.4798901683069874,101.98449341414693,0
Device_C,2024-01-15 15:00:00,76.14355090349854,1.3603145681234392,105.57149708056681,0
Device_C,2024-01-15 16:00:00,71.44158984310522,1.274866639535917,102.04186278201831,0
Device_D,2024-01-15 17:00:00,67.81726427917503,1.3281746522422793,101.11729737591949,0
Device_C,2024-01-15 18:00:00,70.09906804206182,1.2546910599722663,101.43624503007993,0
Device_C,2024-01-15 19:00:00,77.10722514978139,0.2597160954459761,100.07298277494232,0
Device_C,2024-01-15 20:00:00,69.84782875030689,0.7803803935660154,100.04851731145597,0
Device_D,2024-01-15 21:00:00,75.71209799409499,0.308749830026696,99.4798486829135,0
Device_C,2024-01-15 22:00:00,69.50554314361074,0.2418283462021211,101.66861774144256,0
Device_D,2024-01-15 23:00:00,72.54944905518741,0.20920925423133152,103.59812526354209,0
Device_C,2024-01-16 00:00:00,70.91625625413985,1.0814354626223162,100.94916964645813,0
Device_D,2024-01-16 01:00:00,61.45834749337045,1.2983326441388015,99.34933232571618,0
Device_B,2024-01-16 02:00:00,68.12023021872413,0.2691659938083148,99.04443282772728,0
Device_D,2024-01-16 03:00:00,71.31294930663798,0.2318434060491795,102.16115371730919,0
Device_B,2024-01-16 04:00:00,70.94619287329735,0.9176451995276698,101.19748578387438,0
Device_D,2024-01-16 05:00:00,67.52522271301832,1.2251632756539672,100.90244473930733,0
Device_A,2024-01-16 06:00:00,65.76513314811884,1.1410909890794028,101.07436998914149,0
Device_B,2024-01-16 07:00:00,67.0926834734747,1.2164709606026516,101.51029981590385,0
Device_A,2024-01-16 08:00:00,65.56185339902183,0.8456811863867082,102.51604343728299,0
Device_A,2024-01-16 09:00:00,71.06336507195287,0.7269796194475602,102.4379482681014,0
Device_B,2024-01-16 10:00:00,65.33897965535739,1.146670813430994,102.10903101105431,0
Device_A,2024-01-16 11:00:00,73.95248190537784,0.6419548586107543,101.31956267872165,0
Device_C,2024-01-16 12:00:00,65.72403243587699,0.7285482658230493,99.1289785271066,0
Device_D,2024-01-16 13:00:00,62.55896033156935,1.142332816165513,100.31209728454624,0
Device_A,2024-01-16 14:00:00,78.57304690066732,1.2919849648123258,104.41434195394196,0
Device_C,2024-01-16 15:00:00,67.83217127877707,1.3165859043074528,98.90353615096785,0
Device_C,2024-01-16 16:00:00,65.13786128625998,1.336451119504844,100.22456708078057,0
Device_B,2024-01-16 17:00:00,71.90753119511416,1.2045349152377958,104.279305689817,0
Device_B,2024-01-16 18:00:00,66.06040774777368,0.7863560420929001,101.27116838575078,0
Device_B,2024-01-16 19:00:00,65.50940985580743,0.832860142124471,98.84749381033942,0
Device_A,2024-01-16 20:00:00,74.30330505456861,0.6786874459704921,100.09285047109786,0
Device_D,2024-01-16 21:00:00,66.5660230644082,1.423630465410949,104.1333078216889,0
Device_B,2024-01-16 22:00:00,72.25217676577066,0.7544811594954877,99.37498069075569,0
Device_B,2024-01-16 23:00:00,70.30611274866692,1.3677501941636017,100.8962761375548,0
Device_A,2024-01-17 00:00:00,65.08332246952962,1.3758423800462956,100.28280109120445,0
Device_D,2024-01-17 01:00:00,67.4917993771518,1.1343308671889218,103.62523997845877,0
Device_C,2024-01-17 02:00:00,77.08787154633681,0.4814901932166371,103.24152463102988,0
Device_C,2024-01-17 03:00:00,75.42454959757899,0.9243702209665408,100.90476575316548,0
Device_A,2024-01-17 04:00:00,73.982430032139,1.0697302236151238,103.25693468125311,0
Device_A,2024-01-17 05:00:00,62.21342492641591,1.478703722798193,99.80937037000325,0
Device_D,2024-01-17 06:00:00,79.12761148885106,1.1827142630981482,101.94797220817851,0
Device_A,2024-01-17 07:00:00,71.11469103730906,0.7879917469525946,103.83320873161226,0
Device_C,2024-01-17 08:00:00,69.1786685931841,1.101872450188275,102.08914694329596,0
Device_B,2024-01-17 09:00:00,62.883952570066704,0.41670485098217125,102.32879475798413,0
Device_D,2024-01-17 10:00:00,68.99527017815034,0.35843732244312254,105.15203617802888,0
Device_B,2024-01-17 11:00:00,71.12581915931594,0.7398183312301023,102.89966644788123,0
Device_D,2024-01-17 12:00:00,67.69399031125197,0.3923021761737767,103.00258767887578,0
Device_C,2024-01-17 13:00:00,80.99651135630822,0.4356021998879467,100.09748003310018,0
Device_B,2024-01-17 14:00:00,82.22508950423611,0.4133751657593537,102.53043257760123,0
Device_A,2024-01-17 15:00:00,72.57651022093034,0.9720966628898298,101.3023926489638,0
Device_C,2024-01-17 16:00:00,69.29444703222099,1.4866388445581464,99.99269305547203,0
Device_D,2024-01-17 17:00:00,59.91203304740548,0.4153456892034676,99.08749170368478,0
Device_C,2024-01-17 18:00:00,68.37568889380492,1.1038320557240011,103.17936228299257,0
Device_D,2024-01-17 19:00:00,73.24991139924283,0.2868635275740092,98.91438296914987,0
Device_C,2024-01-17 20:00:00,65.81602994126898,0.6081691923881503,99.99856203009408,0
Device_B,2024-01-17 21:00:00,68.5760406882188,1.4129980565220603,101.22483480686533,1
Device_C,2024-01-17 22:00:00,73.02551877261608,0.2717639433751339,102.59022301390503,0
Device_C,2024-01-17 23:00:00,78.49460988452594,0.8417736374746176,99.75752008024891,0
Device_B,2024-01-18 00:00:00,69.0603920911178,1.1941397576257013,100.58015171211238,0
Device_B,2024-01-18 01:00:00,74.81814543593335,1.2029702091314287,101.97914598581364,0
Device_C,2024-01-18 02:00:00,62.7601416332485,0.41403860976985474,101.28950662919699,0
Device_B,2024-01-18 03:00:00,70.8649450327407,1.3410118566381224,102.2566106969341,0
Device_B,2024-01-18 04:00:00,56.83455806465315,0.249329084984836,103.14818023089033,0
Device_D,2024-01-18 05:00:00,73.00375611896645,1.2807244893389576,101.19962945215241,0
Device_D,2024-01-18 06:00:00,65.12820272025803,1.1867617273236852,103.85378506460616,0
Device_C,2024-01-18 07:00:00,75.2000873705168,1.3059010723915818,101.59185549195111,0
Device_A,2024-01-18 08:00:00,69.95398293977146,0.5096768580529429,101.37209358012635,1
Device_B,2024-01-18 09:00:00,69.72962012397053,0.8391672784199111,102.02107460302142,0
Device_B,2024-01-18 10:00:00,70.77980288048398,0.6205093787718932,102.69676842622087,0
Device_A,2024-01-18 11:00:00,67.51298662325202,1.0728543662916352,102.84074104731664,0
Device_C,2024-01-18 12:00:00,63.97173683407024,0.628407301975688,102.63589160376111,0
Device_D,2024-01-18 13:00:00,73.62926478484998,0.7083594013992724,102.37072781991195,0
Device_A,2024-01-18 14:00:00,67.2290653249156,1.1440620233962246,96.97829787925501,0
Device_D,2024-01-18 15:00:00,60.41685153293341,0.44998880725211104,97.64587442956642,0
Device_D,2024-01-18 16:00:00,61.15901612146692,0.8286652332589322,102.41668684623018,0
Device_C,2024-01-18 17:00:00,57.828124425879395,0.7043960903458633,97.90670545256904,0
Device_D,2024-01-18 18:00:00,67.9920642996628,0.985778660744983,103.76264045647982,0
Device_D,2024-01-18 19:00:00,74.24770232772289,1.3939515077069335,101.34600840101831,0
Device_B,2024-01-18 20:00:00,69.97761781681307,1.0505689500120732,97.97850124107543,0
Device_D,2024-01-18 21:00:00,70.4818982498434,0.9880457308514705,99.0958524584925,0
Device_B,2024-01-18 22:00:00,66.51353944254626,0.9321663546176748,101.6843884715082,1
Device_C,2024-01-18 23:00:00,73.49997964830865,1.0266071517661999,102.6931829911605,0
Device_B,2024-01-19 00:00:00,76.93160634279886,0.8484884700170192,102.43966764703936,0
Device_D,2024-01-19 01:00:00,71.3409348195228,1.2233362129939351,103.27618600224015,0
Device_B,2024-01-19 02:00:00,66.84970295277574,0.685962189254776,101.38193602839698,0
Device_C,2024-01-19 03:00:00,73.22545258931578,0.261026685438089,106.23287005010556,0
Device_C,2024-01-19 04:00:00,68.57026960498243,0.43474364568596124,98.59180069631908,0
Device_B,2024-01-19 05:00:00,60.54245579860509,1.3513044782913697,105.3717940025063,0
Device_B,2024-01-19 06:00:00,65.75845717532525,0.6305159473192321,101.03250040559304,0
Device_C,2024-01-19 07:00:00,76.70783604288863,0.9650569695247917,101.6156169391472,0
Device_C,2024-01-19 08:00:00,70.17263735622758,1.1541246668469938,101.42543242188273,0
Device_B,2024-01-19 09:00:00,71.23464061429279,1.0706158258427023,102.22513602864167,0
Device_A,2024-01-19 10:00:00,63.00996146518757,0.38952727301016166,103.96310276961799,0
Device_A,2024-01-19 11:00:00,64.90169792631762,1.4455942152644792,101.1395068461205,0
Device_C,2024-01-19 12:00:00,65.28489210996916,0.9616787935948534,102.80734524177323,0
Device_D,2024-01-19 13:00:00,70.54153590663311,0.5094981819044635,99.37712128557675,0
Device_A,2024-01-19 14:00:00,72.2897926243706,0.21698526050585196,102.02114530556344,0
Device_B,2024-01-19 15:00:00,72.92458942632125,1.329026329037644,103.45664828717743,0
Device_D,2024-01-19 16:00:00,70.57055378777804,0.22915585711736366,98.35180345549291,0
Device_D,2024-01-19 17:00:00,64.07305639647272,0.45416105343030455,102.81351128687281,0
Device_D,2024-01-19 18:00:00,75.52910228941025,0.4862031914743472,98.76119078418876,0
Device_B,2024-01-19 19:00:00,68.23687287569318,0.5123674301515755,98.61371625584157,0
Device_A,2024-01-19 20:00:00,67.41336592847772,1.140559337510791,103.81964283837935,0
Device_A,2024-01-19 21:00:00,68.07780379435646,1.2562100830291243,101.53753972683468,0
Device_B,2024-01-19 22:00:00,79.06071371212475,0.9867470735999815,101.06624975019878,0
Device_D,2024-01-19 23:00:00,69.08541348248042,1.2744671664230494,104.32991429877194,0
Device_A,2024-01-20 00:00:00,70.0833851785206,0.6612965232629544,103.21840316921794,0
Device_A,2024-01-20 01:00:00,63.30856883699792,1.4863580159823018,104.20389041021674,0
Device_D,2024-01-20 02:00:00,75.38856551565034,1.4273434902095417,99.92808035896866,0
Device_A,2024-01-20 03:00:00,63.98063370833472,1.0455193442714652,97.31396316712343,0
Device_A,2024-01-20 04:00:00,75.9162747738738,1.393494570054452,102.46186835847251,0
Device_A,2024-01-20 05:00:00,72.70267971619633,1.2734888601021546,100.65358253609132,0
Device_C,2024-01-20 06:00:00,72.71560931795463,0.4919824689657333,99.50879256699135,0
Device_A,2024-01-20 07:00:00,77.2210443998466,0.6116715931988024,101.92253478484305,0
Device_A,2024-01-20 08:00:00,68.4535224912157,1.1163069618372088,102.9896581099317,0
Device_A,2024-01-20 09:00:00,59.664639453795516,1.1006657427910762,102.32018206523679,0
Device_B,2024-01-20 10:00:00,71.21577490114547,0.9305388048761225,104.40155629518397,0
Device_B,2024-01-20 11:00:00,63.90895311305706,0.35562245627966416,102.56292920015434,0
Device_B,2024-01-20 12:00:00,71.47599771884106,0.35497396050283003,103.29787422188267,0
Device_D,2024-01-20 13:00:00,67.64558802917063,0.6765659769881143,102.61216463291882,0
Device_D,2024-01-20 14:00:00,67.3826805278643,1.235744241124771,97.77159017207403,0
Device_C,2024-01-20 15:00:00,59.503186671963505,0.4369300720466325,101.68105194480998,0
Device_A,2024-01-20 16:00:00,69.11105792843969,0.8586625146239051,99.62710394158091,0
Device_B,2024-01-20 17:00:00,67.7228974246841,1.4459163895423814,102.25736154720394,0
Device_C,2024-01-20 18:00:00,65.76782901512468,0.4061105140039961,101.14784005548444,0
Device_B,2024-01-20 19:00:00,67.71555437254837,0.855684306496556,101.55018419628007,0
Device_D,2024-01-20 20:00:00,72.53860411437873,0.2511331931047128,102.09125602133716,0
Device_C,2024-01-20 21:00:00,74.28868267356413,0.34845924730744926,100.76704927353569,1
Device_B,2024-01-20 22:00:00,63.79718577189334,1.0600200452154938,98.74294385085184,0
Device_A,2024-01-20 23:00:00,72.1392306804057,1.4854770159021902,100.74281701787265,0
Device_B,2024-01-21 00:00:00,69.59891117433938,0.8968475531020228,102.55308162176499,0
Device_C,2024-01-21 01:00:00,70.55102614697364,1.1821492965493408,102.08521631380067,0
Device_A,2024-01-21 02:00:00,71.07766734924138,0.4025686357403734,99.68597164029387,0
Device_D,2024-01-21 03:00:00,69.64959554398145,1.1020200166274492,104.88108553810834,0
Device_C,2024-01-21 04:00:00,66.57637727416218,0.29505300256117567,101.13178852234242,0
Device_A,2024-01-21 05:00:00,66.51227639329859,1.3114617600991767,100.5411211293981,0
Device_D,2024-01-21 06:00:00,79.86591166429153,0.8255802190148005,101.54210106225281,1
Device_C,2024-01-21 07:00:00,70.59293185215466,0.9229514461808326,103.57694842614913,0
Device_D,2024-01-21 08:00:00,86.1135340935892,0.24277404360661234,97.037005273028,0
Device_C,2024-01-21 09:00:00,69.30132866068526,1.48819998077491,98.16074805998186,0
Device_B,2024-01-21 10:00:00,66.39639711005228,0.9005589508088148,104.07834967566336,0
Device_C,2024-01-21 11:00:00,72.98485734506544,0.8314942140652928,101.16096896329746,0
Device_D,2024-01-21 12:00:00,65.57443315747425,1.342543484480909,104.13640114067759,0
Device_A,2024-01-21 13:00:00,74.91260620789922,1.2310661939092942,101.91811925435513,0
Device_D,2024-01-21 14:00:00,62.73929252296562,0.8378720423833235,99.81818554158247,0
Device_B,2024-01-21 15:00:00,80.36984216087458,0.9255867828169149,99.14786908227515,0
Device_D,2024-01-21 16:00:00,74.67037796711668,1.4669552377423307,100.77598029696131,0
Device_A,2024-01-21 17:00:00,77.63971969091409,1.0015442544563573,101.8286909721039,0
Device_B,2024-01-21 18:00:00,70.93439076806902,0.9913326512330469,102.72957403213611,0
Device_A,2024-01-21 19:00:00,75.01335802836229,1.418623675274844,101.52045376575367,0
Device_A,2024-01-21 20:00:00,68.6690580335747,0.23108179778291146,100.86834607790185,0
Device_D,2024-01-21 21:00:00,73.39491917179427,1.0016140371772513,101.86054864375154,0
Device_C,2024-01-21 22:00:00,74.67357459377263,1.0423799684805648,99.93669006056886,0
Device_B,2024-01-21 23:00:00,55.67144229013408,1.0942818879141931,102.93554577561083,0
Device_A,2024-01-22 00:00:00,74.27151650358063,0.8547867574789014,101.57611595660846,0
Device_A,2024-01-22 01:00:00,66.4558479647491,0.6229918831023918,101.34667978304334,0
Device_D,2024-01-22 02:00:00,70.78766552184106,0.39731552789111296,100.48884482339413,0
Device_D,2024-01-22 03:00:00,80.3416480570368,1.0816047441601215,98.12971090070756,0
Device_A,2024-01-22 04:00:00,68.13198423244242,1.2781145689726052,100.9895127456193,0
Device_A,2024-01-22 05:00:00,69.90721504521623,0.7955902264367247,102.35544022819967,0
Device_B,2024-01-22 06:00:00,72.27508094332903,1.3764990779259576,98.18720581510459,0
Device_C,2024-01-22 07:00:00,70.58701087400432,0.6328964513179688,102.99256703120179,0
Device_B,2024-01-22 08:00:00,70.66860000837809,0.4964669438068038,101.21046164184077,0
Device_C,2024-01-22 09:00:00,71.75504639795851,1.058369432575819,102.60518912221377,0
Device_D,2024-01-22 10:00:00,70.53405165776597,1.2814798733791821,100.05297052185841,0
Device_C,2024-01-22 11:00:00,67.83714323025927,0.3187367347685849,100.55401557257164,0
Device_C,2024-01-22 12:00:00,67.09650562407693,0.33187983213255123,102.93651795839936,0
Device_A,2024-01-22 13:00:00,68.47923214951652,0.9120481387651036,104.74411405490002,0
Device_B,2024-01-22 14:00:00,65.50874475996453,0.3929981555487857,99.12398744800382,0
Device_C,2024-01-22 15:00:00,73.00597484646296,0.5944419895867817,98.78851648272524,0
Device_C,2024-01-22 16:00:00,68.89928662576082,0.7209842520423229,100.5316987793338,0
Device_A,2024-01-22 17:00:00,71.3260870349599,0.4760566584596348,100.55764086352673,0
Device_A,2024-01-22 18:00:00,75.55551176980916,0.3774531314901673,103.7085282572453,0
Device_A,2024-01-22 19:00:00,55.94926015981095,0.6548062969834698,100.29539416984593,0
Device_A,2024-01-22 20:00:00,68.19977151843412,1.4639774248933832,98.92968752338516,0
Device_B,2024-01-22 21:00:00,69.60251592582367,1.1059704885551385,97.77171868242866,0
Device_B,2024-01-22 22:00:00,70.45910231314453,0.5100928523307247,102.27526520944969,0
Device_B,2024-01-22 23:00:00,70.42839472614531,0.4917335363788003,98.81214969684696,0
Device_D,2024-01-23 00:00:00,68.02881595574188,1.033239879698071,105.26827967154678,0
Device_B,2024-01-23 01:00:00,73.23903708379176,0.544281067894642,99.20260523630142,0
Device_A,2024-01-23 02:00:00,69.07685145091,1.4885879912517455,99.27377089572568,0
Device_D,2024-01-23 03:00:00,63.52278800345428,1.39246171618872,103.38586425782309,0
Device_D,2024-01-23 04:00:00,70.87499210355358,0.5238397226940509,99.31116114529163,0
Device_A,2024-01-23 05:00:00,65.22080943924979,1.4203526751498858,99.86707127464902,0
Device_D,2024-01-23 06:00:00,62.762115150888256,1.282815263645542,103.0655661936333,0
Device_C,2024-01-23 07:00:00,74.63507525402306,1.4586540507287369,103.66400344694456,0
Device_B,2024-01-23 08:00:00,66.43426638147007,0.6770644906640839,102.1656921299381,0
Device_B,2024-01-23 09:00:00,69.624766276684,0.6417728089131476,101.824972726708,0
Device_D,2024-01-23 10:00:00,65.9615863118204,1.1186293580492426,101.07555514389033,0
Device_D,2024-01-23 11:00:00,66.37342680689873,0.5333178952867401,100.87738980739888,0
Device_A,2024-01-23 12:00:00,63.3851096167001,1.099863280495645,102.88883615124776,0
Device_B,2024-01-23 13:00:00,69.6008232704153,1.129590994014638,104.11757964213675,0
Device_D,2024-01-23 14:00:00,75.94677160562668,1.2185680732312405,101.91044430681826,0
Device_B,2024-01-23 15:00:00,68.97411869629353,1.2633478934611055,99.35802653489236,0
Device_C,2024-01-23 16:00:00,65.4305769917521,1.383803414663823,100.53112030903867,0
Device_B,2024-01-23 17:00:00,68.31747587658498,0.7425677727812205,101.8118348847921,0
Device_D,2024-01-23 18:00:00,66.53110557083636,1.1981649729307617,101.72945742537705,0
Device_D,2024-01-23 19:00:00,69.22852477476202,0.2109909310098738,102.40928901048154,0
Device_C,2024-01-23 20:00:00,78.3156910316119,1.0497909241309522,102.76959371755545,0
Device_A,2024-01-23 21:00:00,66.96659954500814,1.1112142387008472,100.69745364673926,0
Device_C,2024-01-23 22:00:00,66.18862670603286,0.9167606118557603,103.07749480492089,0
Device_C,2024-01-23 23:00:00,75.2407119643496,0.5639406977983809,98.68974845874594,0
Device_A,2024-01-24 00:00:00,79.27448475963244,0.9096577618742088,100.94339073739899,0
Device_D,2024-01-24 01:00:00,67.21826474877061,0.7496419708766962,98.2314257951421,0
Device_A,2024-01-24 02:00:00,63.50866561483575,1.2500819704599635,98.01257412969487,0
Device_A,2024-01-24 03:00:00,74.8826918418132,0.4370465314818517,100.39596194292153,0
Device_D,2024-01-24 04:00:00,68.43094582908259,0.9099195637920416,103.22860885520446,0
Device_D,2024-01-24 05:00:00,66.64387979507568,0.3888429639763039,103.51055442224508,0
Device_A,2024-01-24 06:00:00,60.344790336329744,0.39702788509413767,102.99127421401775,0
Device_D,2024-01-24 07:00:00,73.15053688154806,0.4400043603212638,100.11222202554357,0
Device_B,2024-01-24 08:00:00,77.97360301424052,1.1852433939732114,101.97471764556963,0
Device_C,2024-01-24 09:00:00,67.98939104390622,1.3937395592126682,102.21816563277359,0
Device_C,2024-01-24 10:00:00,65.31384739895205,0.2292102211402663,99.79294478399454,0
Device_B,2024-01-24 11:00:00,72.8690758471421,0.3934366066041121,103.67890452602163,0
Device_D,2024-01-24 12:00:00,65.94104048580473,1.3373492812914305,102.66043582341838,0
Device_C,2024-01-24 13:00:00,72.81317231662968,1.3941849443094734,99.17393218050374,0
Device_C,2024-01-24 14:00:00,75.45444923446522,0.6970125327608436,100.4823493230835,0
Device_B,2024-01-24 15:00:00,78.46689369731021,0.6481984580493076,103.09470758223664,0
Device_A,2024-01-24 16:00:00,73.54560166529765,1.4867375438486246,102.8878055585413,0
Device_A,2024-01-24 17:00:00,77.44829243719113,0.8433559117787666,97.73146629996761,0
Device_D,2024-01-24 18:00:00,57.31106185253587,0.983227688724529,101.61117136164384,0
Device_D,2024-01-24 19:00:00,74.63329032104939,1.398166465615398,102.39855360840926,0
Device_D,2024-01-24 20:00:00,74.23302100129789,0.383190898565804,97.36924849048827,0
Device_C,2024-01-24 21:00:00,71.97207006463924,0.2247933555498732,98.42456706850345,0
Device_A,2024-01-24 22:00:00,73.71667531641778,1.1491499445131412,102.12766180802268,0
Device_C,2024-01-24 23:00:00,71.13876132818982,0.3899217758878986,103.81072828811268,0
Device_B,2024-01-25 00:00:00,77.0515486562117,0.7939627235528732,102.92041463738184,0
Device_D,2024-01-25 01:00:00,75.09375318214357,0.466715465533183,100.65065104980035,0
Device_A,2024-01-25 02:00:00,70.08353140474173,0.49176243083725585,103.16265051500713,0
Device_C,2024-01-25 03:00:00,80.54519580292079,0.6057413954830502,99.85153728041449,0
Device_B,2024-01-25 04:00:00,68.44988576753768,0.7979625581959466,102.8888891539397,0
Device_D,2024-01-25 05:00:00,76.95361275790395,0.3193972085205766,97.8876879149194,0
Device_C,2024-01-25 06:00:00,75.37843550109783,0.2869985644229035,100.99465381076858,0
Device_B,2024-01-25 07:00:00,71.70187851066915,1.171923703062982,99.06498556436803,0
Device_B,2024-01-25 08:00:00,72.32145157983018,0.41178588348242706,99.5404356460839,0
Device_D,2024-01-25 09:00:00,63.53340979495251,1.0584973561867597,105.60682655919258,0
Device_B,2024-01-25 10:00:00,66.97949783125974,0.5371854006764569,103.1221566266275,0
Device_A,2024-01-25 11:00:00,71.4260033968555,0.7563667912722598,103.23648902940592,0
Device_B,2024-01-25 12:00:00,61.5939597289041,1.2856016860944834,103.20230715425998,0
Device_C,2024-01-25 13:00:00,61.17284446390181,0.4526274378007701,102.94383454081233,0
Device_B,2024-01-25 14:00:00,63.91467297196598,1.3955956138691654,99.52927283406709,0
Device_D,2024-01-25 15:00:00,75.27002461603544,1.401750280421192,103.32977922856192,0
Device_A,2024-01-25 16:00:00,71.74799083770421,0.31415348704473484,105.71910562431808,0
Device_D,2024-01-25 17:00:00,70.21335428436115,1.199510872111647,104.08484213187742,0
Device_A,2024-01-25 18:00:00,68.27109800568536,1.0765152868891075,100.29548556401762,0
Device_A,2024-01-25 19:00:00,67.87903451474548,0.7971563328830868,97.35107400207414,0
Device_C,2024-01-25 20:00:00,69.72087274981435,1.1817874525402468,102.65352734262365,0
Device_D,2024-01-25 21:00:00,69.76469522248769,0.2590514595243758,99.27112105006337,0
Device_C,2024-01-25 22:00:00,71.46517701531072,1.1770868015461073,96.55297919291145,0
Device_B,2024-01-25 23:00:00,59.93411974293476,1.1881581121787006,102.51804258776224,0
Device_D,2024-01-26 00:00:00,73.46720400244384,0.5979311996280006,100.65853813087224,0
Device_C,2024-01-26 01:00:00,71.05019550304112,0.3222673920061243,105.36671993318068,0
Device_A,2024-01-26 02:00:00,78.23485983441041,1.1732025619319326,101.05006655696518,0
Device_A,2024-01-26 03:00:00,77.76687706717132,1.447360716280971,100.69039979616441,0
Device_C,2024-01-26 04:00:00,79.35069410734141,1.1083491343742196,101.66558776684704,0
Device_D,2024-01-26 05:00:00,67.47437353521819,1.3228460483445899,105.23102824967975,0
Device_D,2024-01-26 06:00:00,66.50020285560431,0.3421011300068704,101.48306327809648,0
Device_B,2024-01-26 07:00:00,73.14176315517112,0.5995633258639781,101.84470430799054,0
Device_D,2024-01-26 08:00:00,77.11119650654979,0.568289007253493,103.47277869958388,0
Device_A,2024-01-26 09:00:00,68.7870958422742,0.37195424325984905,104.30395065267771,1
Device_A,2024-01-26 10:00:00,65.82144866307466,1.3781466087211636,97.1283029343212,0
Device_A,2024-01-26 11:00:00,76.05268473309837,0.2377350934122388,101.97635382081494,0
Device_C,2024-01-26 12:00:00,66.19571282559454,0.727614015685365,103.75185580981388,0
Device_C,2024-01-26 13:00:00,65.88452390168584,1.3678888674304972,100.68552088267855,0
Device_B,2024-01-26 14:00:00,66.45807599817493,0.7050987889234475,99.63548926120887,0
Device_B,2024-01-26 15:00:00,67.72540453972984,1.3566381024461458,102.33187017704344,0
Device_A,2024-01-26 16:00:00,68.00546785927463,1.251697179364767,101.1346751755147,0
Device_C,2024-01-26 17:00:00,70.04882156066897,0.8224524602144572,99.85477848365572,0
Device_A,2024-01-26 18:00:00,68.30008498331256,1.2061001390716009,103.9486080634618,0
Device_D,2024-01-26 19:00:00,72.47189098249335,1.3625435634890746,99.26956732452541,0
Device_D,2024-01-26 20:00:00,64.30155453965287,0.38047149737545005,103.28300463619344,0
Device_C,2024-01-26 21:00:00,78.10656675516127,0.7643638055706923,104.16406789838737,0
Device_B,2024-01-26 22:00:00,72.82070128163294,0.26472564037192914,102.75186161993999,0
Device_D,2024-01-26 23:00:00,69.73387546450155,0.516831692398323,96.7254976128906,1
Device_D,2024-01-27 00:00:00,71.30815435890895,1.4809169376469995,102.24017466199683,0
Device_C,2024-01-27 01:00:00,72.37978450165508,0.636653615760781,97.67354446723476,0
Device_B,2024-01-27 02:00:00,74.55125108636898,0.21696594633614635,101.9342329653835,0
Device_B,2024-01-27 03:00:00,65.32569724283194,1.4759770619544867,100.28966351139654,0
Device_A,2024-01-27 04:00:00,61.072576381166705,1.1204487208645741,98.62914436542887,0
Device_A,2024-01-27 05:00:00,64.27279893294907,0.38453544788313404,102.42599420674514,0
Device_A,2024-01-27 06:00:00,64.89270993454298,0.7749008994024309,100.58007672058764,0
Device_A,2024-01-27 07:00:00,75.99277378795539,0.5525707494951533,99.7365872338469,0
Device_C,2024-01-27 08:00:00,62.6778967129664,0.7933527431431036,99.76607227647074,0
Device_A,2024-01-27 09:00:00,70.2183422649806,0.9289742328752764,101.3204839666324,0
Device_A,2024-01-27 10:00:00,63.98210071696991,1.3581798693311111,104.41471134266756,0
Device_D,2024-01-27 11:00:00,72.09748784795725,1.2489666523204332,104.36509688826435,0
Device_D,2024-01-27 12:00:00,72.40352109372782,0.27856619555385737,102.74594788553657,0
Device_D,2024-01-27 13:00:00,70.35588893811607,0.4735130676911329,100.89709113612997,0
Device_A,2024-01-27 14:00:00,61.08733220572613,0.9475767177903225,98.92619904223564,0
Device_C,2024-01-27 15:00:00,64.97166909701329,1.2839578903707194,104.23061194598301,0
Device_D,2024-01-27 16:00:00,76.84297917779722,0.4729707392332396,103.13012343389961,1
Device_D,2024-01-27 17:00:00,66.62808194421,0.5235763456893758,100.12223998497446,0
Device_B,2024-01-27 18:00:00,75.86109233622251,1.2536391042639972,96.82962090525011,0
Device_A,2024-01-27 19:00:00,61.581563762425176,0.9832553184992039,100.95207121830856,0
Device_A,2024-01-27 20:00:00,71.43133469195777,1.1814091713399038,103.99304012806166,1
Device_B,2024-01-27 21:00:00,77.62976987238935,0.73542422405693,102.02523558080466,0
Device_B,2024-01-27 22:00:00,67.44144293414064,0.8043552340985873,102.89838216598568,0
Device_A,2024-01-27 23:00:00,74.89704920338589,1.162849410565939,100.64266567833283,0
Device_B,2024-01-28 00:00:00,68.84265033431889,1.01320528204798,101.0471882400317,0
Device_B,2024-01-28 01:00:00,77.17728813254993,0.3483365726725117,103.29040995912955,0
Device_C,2024-01-28 02:00:00,68.270719850771,1.41584345952238,102.26412436446755,0
Device_B,2024-01-28 03:00:00,67.49179485779213,1.334405933800673,102.82793134873208,0
Device_B,2024-01-28 04:00:00,68.14228492164101,1.227869793228271,100.07564870425027,0
Device_C,2024-01-28 05:00:00,67.87050016463724,0.31343962406823117,99.56314101494834,0
Device_D,2024-01-28 06:00:00,70.77506478320643,0.39376415076814125,102.60996747634582,0
Device_C,2024-01-28 07:00:00,69.12398979169238,0.2283308566926317,103.7099869383665,0
Device_C,2024-01-28 08:00:00,64.42547392469947,1.2458675283932983,105.08607431086301,0
Device_A,2024-01-28 09:00:00,75.61451885285793,1.3844256141846525,99.01611115730726,0
Device_B,2024-01-28 10:00:00,72.21849550504511,1.2299312497362558,103.8531372061004,0
Device_C,2024-01-28 11:00:00,73.1282660445226,0.8649824446267422,102.23020816740689,0
Device_D,2024-01-28 12:00:00,69.07338070291514,1.0258650462499692,104.53953553831656,0
Device_C,2024-01-28 13:00:00,67.14105060643868,0.8043845916516279,101.37962378647319,0
Device_B,2024-01-28 14:00:00,66.26776760448394,0.8651457757468628,102.52411849152537,1
Device_C,2024-01-28 15:00:00,68.81224497418604,1.4690165389110605,100.592552477788,0
Device_D,2024-01-28 16:00:00,65.04710820725587,1.0520253943141025,99.63610868262485,0
Device_D,2024-01-28 17:00:00,76.7503438127019,1.414544417696005,100.241535648077,0
Device_A,2024-01-28 18:00:00,70.6350938250462,1.3536745288741923,99.60187561749619,0
Device_B,2024-01-28 19:00:00,78.02090408907254,1.4840630739586116,99.65304003652774,0
Device_B,2024-01-28 20:00:00,73.47598324358886,0.9715875992943097,95.86819959658013,0
Device_C,2024-01-28 21:00:00,68.6217160250963,0.7494755661910439,97.17948572669988,0
Device_D,2024-01-28 22:00:00,73.09160908978217,1.281886786986177,102.41926579498735,0
Device_A,2024-01-28 23:00:00,72.21269428548847,0.9878041860846458,99.83368209531648,0
Device_C,2024-01-29 00:00:00,69.60995534396419,0.9475461351035341,102.78851321715389,0
Device_C,2024-01-29 01:00:00,75.33614375451039,0.25466209110931703,100.85069434082986,0
Device_B,2024-01-29 02:00:00,70.2521526188293,1.0420379955556363,103.21948800314628,0
Device_C,2024-01-29 03:00:00,81.8379346267242,1.0095688598808605,100.64811013576544,0
Device_D,2024-01-29 04:00:00,64.94611099102215,0.9314143617912571,97.26683603810964,0
Device_A,2024-01-29 05:00:00,75.27083625491653,0.770455730487702,106.78149971435677,0
Device_B,2024-01-29 06:00:00,71.51906419629712,0.45013947954534683,100.08927938890544,0
Device_C,2024-01-29 07:00:00,61.20859062600305,1.4188334733244705,102.31973070439614,1
Device_B,2024-01-29 08:00:00,73.4039022276555,0.7934759853238138,102.5842088252942,0
Device_A,2024-01-29 09:00:00,66.24509412717251,0.5968769592217035,104.02855051857543,0
Device_B,2024-01-29 10:00:00,65.9810574282251,0.43975618617746826,102.92130013765423,0
Device_B,2024-01-29 11:00:00,67.50395361869529,1.4286154501102601,101.78458271408525,0
Device_D,2024-01-29 12:00:00,72.77865789465858,0.9714376056726806,98.75439684077831,0
Device_A,2024-01-29 13:00:00,61.16152014663987,0.4984133348288793,102.56862870439133,0
Device_C,2024-01-29 14:00:00,67.51762929689768,1.1308322404190194,99.83533862446134,0
Device_C,2024-01-29 15:00:00,69.90166256902505,0.8161572029676714,99.34356043819416,0
Device_C,2024-01-29 16:00:00,67.49219602167466,1.0231759963394538,100.71401932074302,0
Device_B,2024-01-29 17:00:00,63.59672657125346,0.39072444381200494,103.77312105357122,0
Device_A,2024-01-29 18:00:00,74.13759447712577,0.9567394767262427,99.68489121138519,0
Device_A,2024-01-29 19:00:00,67.89581693228597,0.6557511938472529,98.99477720862349,0
Device_C,2024-01-29 20:00:00,78.02889060368896,0.682399581240354,102.90873192771996,0
Device_D,2024-01-29 21:00:00,59.23877479353016,0.2105975886186862,101.51754257944788,0
Device_A,2024-01-29 22:00:00,70.76663156239965,0.5016600150629462,106.08520653157294,0
Device_C,2024-01-29 23:00:00,69.35546816660705,0.27615734649335766,104.8789869627895,0
Device_B,2024-01-30 00:00:00,77.23901623007603,0.27601360600316643,102.6843914631966,0
Device_B,2024-01-30 01:00:00,71.85878020834711,0.6552640903172873,100.0281056702463,0
Device_D,2024-01-30 02:00:00,77.17849918780438,1.2658019384124644,102.2245735404999,0
Device_C,2024-01-30 03:00:00,63.015872123425815,0.49634262320413086,99.47114051706461,0
Device_A,2024-01-30 04:00:00,64.53561490834454,1.4416407467957257,100.55738481801293,0
Device_A,2024-01-30 05:00:00,63.787201395497505,1.0749571628906645,100.81485223436704,0
Device_B,2024-01-30 06:00:00,69.58710241488812,0.6999672476872985,102.71895372134134,0
Device_A,2024-01-30 07:00:00,66.97571068512761,0.8370173061160799,104.99480871326683,0
Device_C,2024-01-30 08:00:00,72.88312417232541,1.134774491553651,101.62564060635178,0
Device_D,2024-01-30 09:00:00,65.37096194855175,0.8755246083828723,101.4096405589084,0
Device_A,2024-01-30 10:00:00,67.50114898685172,1.2702120077043777,100.19836438310422,0
Device_A,2024-01-30 11:00:00,67.92025442307683,0.5190250206874718,101.0147252052609,0
Device_D,2024-01-30 12:00:00,75.06754090982183,0.36328049417520886,100.36837840212462,0
Device_B,2024-01-30 13:00:00,78.49665003702319,1.4635698562725294,98.57131887685793,0
Device_B,2024-01-30 14:00:00,75.10252450605974,0.32348575977912647,100.13478135608649,0
Device_D,2024-01-30 15:00:00,75.68378316323954,0.3321145745104891,99.90267672249777,0
Device_B,2024-01-30 16:00:00,73.13036051603476,1.067659801816975,98.78386958519413,0
Device_C,2024-01-30 17:00:00,75.8437592620942,0.36812115333207795,101.98652701247659,0
Device_D,2024-01-30 18:00:00,64.99497829833982,0.5882280920116327,98.60565709911879,0
Device_C,2024-01-30 19:00:00,73.25711708127477,1.4504486066557003,103.8533581070323,0
Device_D,2024-01-30 20:00:00,62.22574373938497,0.5652809748428653,97.90356236137592,0
Device_A,2024-01-30 21:00:00,76.11307958626263,0.5477286692845817,102.65577314991783,0
Device_B,2024-01-30 22:00:00,76.60778569113903,0.5902655514121369,97.20604196133858,0
Device_D,2024-01-30 23:00:00,61.8044433139321,1.1075045587049082,104.68292759809688,0
Device_A,2024-01-31 00:00:00,74.44159618205268,0.9730922854598121,101.553271166161,0
Device_D,2024-01-31 01:00:00,60.77060902731893,0.5745956433463437,101.94400937021629,0
Device_D,2024-01-31 02:00:00,67.85675929008406,0.7189351663033139,98.00016272251248,0
Device_D,2024-01-31 03:00:00,62.59843132419781,1.0082778480164203,98.44764191716469,1
Device_A,2024-01-31 04:00:00,61.29734563251942,1.4702053747493504,103.67151638851925,0
Device_B,2024-01-31 05:00:00,66.34002665935859,0.895953340998962,104.43525983020798,0
Device_A,2024-01-31 06:00:00,70.13966421328178,1.2650917340489911,103.4815158023525,0
Device_C,2024-01-31 07:00:00,71.29069734901839,1.4297042857889084,101.85838108462615,0
Device_A,2024-01-31 08:00:00,65.86699419949339,0.5355110128065248,102.56420497414652,0
Device_C,2024-01-31 09:00:00,61.37646947988223,0.7061198399934869,99.25175666761506,0
Device_B,2024-01-31 10:00:00,73.10648422947185,0.6452424820347833,102.85665166430564,0
Device_A,2024-01-31 11:00:00,61.458529085459816,0.7389610532092807,105.00141955391618,0
Device_A,2024-01-31 12:00:00,64.68059790000008,0.3484070796936193,102.46513612429298,0
Device_A,2024-01-31 13:00:00,66.36189653109928,0.20064490466989843,104.98595753660067,0
Device_D,2024-01-31 14:00:00,69.00088117520801,0.5456642973322567,100.01339526768089,0
Device_C,2024-01-31 15:00:00,74.84297919011219,0.55702334242929,105.23803282670676,0
Device_C,2024-01-31 16:00:00,66.65731677270615,1.2357305055105796,100.78518562462556,0
Device_D,2024-01-31 17:00:00,65.93125317067705,0.4478878273819004,100.57032604593304,0
Device_B,2024-01-31 18:00:00,67.32487598564585,1.3736656580136144,100.30929617394148,0
Device_C,2024-01-31 19:00:00,78.46642308889754,1.1359488925726122,102.44817097037537,0
Device_B,2024-01-31 20:00:00,70.85764261772614,1.1118170410076353,98.89619656806929,0
Device_D,2024-01-31 21:00:00,67.40930461062679,0.6575108354981729,102.44934269679871,0
Device_A,2024-01-31 22:00:00,65.14010850832736,0.9528307371288172,101.73128369488084,0
Device_D,2024-01-31 23:00:00,71.98392023633282,0.8568423462763992,100.60176613494639,0
Device_D,2024-02-01 00:00:00,69.19819326898781,0.2832784776377204,104.06119403146057,0
Device_D,2024-02-01 01:00:00,67.74387662840904,0.8639562673853249,102.54846968547155,0
Device_B,2024-02-01 02:00:00,77.22685879312195,0.4979795136812928,104.5650360718236,0
Device_D,2024-02-01 03:00:00,73.9575760351366,0.7289908571244659,101.80115040435119,1
Device_D,2024-02-01 04:00:00,75.25306178212561,1.0674910055555962,101.97742805747079,0
Device_A,2024-02-01 05:00:00,66.83280116974242,0.9860398214911366,101.19846579079606,0
Device_B,2024-02-01 06:00:00,67.95473944564787,0.26470130530854685,99.45076057545364,0
Device_A,2024-02-01 07:00:00,72.61530144421955,0.840348906228612,102.92141842184576,0
Device_B,2024-02-01 08:00:00,71.09491285682108,0.34485649716369177,102.88487155998571,0
Device_A,2024-02-01 09:00:00,65.10140371891039,1.0472909953173255,103.0168723013837,0
Device_A,2024-02-01 10:00:00,71.98915129562117,0.6517247948626177,101.7427227204107,0
Device_B,2024-02-01 11:00:00,67.80732978217337,1.1654535133519321,104.07306537507803,0
Device_A,2024-02-01 12:00:00,69.40534261669963,0.2959512202124261,99.35253932627354,0
Device_B,2024-02-01 13:00:00,62.54336563362973,0.28118345784402776,103.63927181681721,0
Device_A,2024-02-01 14:00:00,71.5820977808801,0.3435551640022291,103.11773472535639,0
Device_C,2024-02-01 15:00:00,66.0892965270613,0.419904207026094,100.14279747502674,0
Device_A,2024-02-01 16:00:00,62.68408522405663,1.2862438751228982,102.42925303020695,0
Device_A,2024-02-01 17:00:00,70.30164859622886,1.081732679143585,102.25355242684837,0
Device_B,2024-02-01 18:00:00,76.85505790335719,1.2647696011980392,100.23870067946923,0
Device_A,2024-02-01 19:00:00,62.353159722857356,0.36977698568570383,101.7717338129509,0
Device_D,2024-02-01 20:00:00,72.19771801909863,0.6194671361301547,104.57650459068144,0
Device_B,2024-02-01 21:00:00,74.29375048088289,0.9346789140763054,95.90005303448172,0
Device_C,2024-02-01 22:00:00,73.47978926380233,0.3229868294205641,99.437943615914,0
Device_A,2024-02-01 23:00:00,59.05293757909577,1.0232223483760516,103.0491103734709,0
Device_B,2024-02-02 00:00:00,67.83961265976316,0.9457788263807587,100.99383069506369,0
Device_D,2024-02-02 01:00:00,71.84252488448939,1.2269874270719783,99.49688456425015,0
Device_D,2024-02-02 02:00:00,58.757826704923794,1.2997490381716812,104.22854226934744,0
Device_C,2024-02-02 03:00:00,76.67809933564018,1.4583024396870055,103.47601788150749,0
Device_B,2024-02-02 04:00:00,72.38740658687307,1.1718945239075307,101.29331540886251,0
Device_D,2024-02-02 05:00:00,69.08057283488853,1.1342240493499445,100.0838051951027,0
Device_D,2024-02-02 06:00:00,75.28814213244307,0.618552324216733,103.3186695681488,0
Device_C,2024-02-02 07:00:00,70.32125173514036,1.0274313385514808,102.26845309990236,0
Device_B,2024-02-02 08:00:00,80.47696068893907,1.3936380081773228,99.1469915297746,1
Device_D,2024-02-02 09:00:00,68.76687743705448,0.4968213837866277,99.70719617327212,0
Device_D,2024-02-02 10:00:00,63.745795257023744,1.4755870894024707,100.84494799694627,0
Device_C,2024-02-02 11:00:00,76.54768511829454,1.2259124515870987,103.6800215114454,1
Device_C,2024-02-02 12:00:00,69.51234728268952,0.6431117190030021,101.54846457130839,0
Device_B,2024-02-02 13:00:00,70.5840224575962,1.4765397155658802,100.24477012638202,0
Device_C,2024-02-02 14:00:00,67.82360201916845,0.5643345223735218,104.34361414879858,0
Device_B,2024-02-02 15:00:00,70.16346806290478,0.8717068641169181,99.61002646170803,0
Device_A,2024-02-02 16:00:00,72.51944203305976,1.2423574307813419,102.02896382578226,0
Device_A,2024-02-02 17:00:00,75.24471893438545,1.1167881639441402,99.26520455434517,1
Device_C,2024-02-02 18:00:00,69.64730594254507,0.6276619792929261,101.76816705775595,0
Device_D,2024-02-02 19:00:00,66.85737297277846,0.2638032559056908,98.06310592768143,1
Device_C,2024-02-02 20:00:00,64.63698465580876,1.4078798975636715,101.53865327414636,0
Device_B,2024-02-02 21:00:00,71.06160306640811,0.9030926863415565,104.3425126212137,0
Device_D,2024-02-02 22:00:00,64.49905523803771,0.9613790962723894,103.51858564467756,0
Device_D,2024-02-02 23:00:00,67.33194133134023,1.0521075589982676,101.49651737894649,0
Device_A,2024-02-03 00:00:00,73.40513535374059,0.86809321356495,99.6200138077048,0
Device_C,2024-02-03 01:00:00,72.13772058802478,0.8981294058082856,103.85275873683031,0
Device_D,2024-02-03 02:00:00,83.98892736747138,1.3139788718283882,102.56323059807289,0
Device_D,2024-02-03 03:00:00,67.81397314885601,1.0006426041692398,101.5964205578306,0
Device_D,2024-02-03 04:00:00,59.496272119321866,1.2602074586793242,100.29555666550245,0
Device_C,2024-02-03 05:00:00,67.42358113098207,0.8590880252532707,103.75282667348824,0
Device_D,2024-02-03 06:00:00,68.64779753932808,1.397127283221555,100.91157292744862,0
Device_B,2024-02-03 07:00:00,66.8786539179643,0.23872214250249763,101.29115407806007,0
Device_B,2024-02-03 08:00:00,80.87807367181796,1.2661571871576156,98.5838724015389,0
Device_C,2024-02-03 09:00:00,65.54180136842936,0.7021074622736059,100.95336429591093,0
Device_B,2024-02-03 10:00:00,63.07226881724254,0.431925168216991,101.31170753751078,0
Device_C,2024-02-03 11:00:00,72.78020246982913,0.25635132709521585,100.90913193770984,1
Device_C,2024-02-03 12:00:00,65.8223683764265,1.026053907097179,103.62438608575943,1
Device_A,2024-02-03 13:00:00,70.75645093632171,1.1911293610671896,97.97472464452512,0
Device_B,2024-02-03 14:00:00,74.01305483612965,0.42521848940167106,100.13850730260762,0
Device_B,2024-02-03 15:00:00,62.835566097996335,0.8247926418472076,101.06080926197045,0
Device_D,2024-02-03 16:00:00,67.698406535499,0.7960727733064783,99.4173438515993,0
Device_D,2024-02-03 17:00:00,69.37202659732596,0.9576383481660462,100.17500530774007,0
Device_D,2024-02-03 18:00:00,69.93048337039166,0.5129212057571022,103.69771282112956,0
Device_B,2024-02-03 19:00:00,68.93597211504094,0.3475609794865069,101.18848447973166,0
Device_A,2024-02-03 20:00:00,72.13161141164754,1.2114269580092065,100.29533358213452,0
Device_A,2024-02-03 21:00:00,76.66918033172452,1.23037437116446,103.18446339287455,0
Device_C,2024-02-03 22:00:00,71.26154811371858,1.3474734423848806,98.48728552918186,0
Device_D,2024-02-03 23:00:00,69.34172469673379,0.7572233356351219,100.10938126759514,0
Device_B,2024-02-04 00:00:00,66.28724500485733,0.6495944344098467,102.81117315720714,0
Device_D,2024-02-04 01:00:00,74.71659913495247,0.858902200974184,102.04484766240522,0
Device_A,2024-02-04 02:00:00,72.66566471283036,0.6410548770408291,99.49308206531633,0
Device_C,2024-02-04 03:00:00,78.09987061195861,0.8532690073351425,101.33477528484134,0
Device_A,2024-02-04 04:00:00,65.65015554668415,0.6057221991332605,103.65733320048929,0
Device_A,2024-02-04 05:00:00,69.68121150559065,1.0405049646737452,98.84465061448076,0
Device_B,2024-02-04 06:00:00,73.1567914072156,1.0464045224306555,101.68301208548102,0
Device_B,2024-02-04 07:00:00,82.06792154435962,1.2090694401446354,101.49559201848133,0
Device_A,2024-02-04 08:00:00,78.20400726399075,0.4027168651008629,104.80707129280017,0
Device_D,2024-02-04 09:00:00,77.87280595782585,0.8962897591029029,100.43930227713079,0
Device_D,2024-02-04 10:00:00,62.98394836651929,0.24417219988117012,101.91425983763494,0
Device_C,2024-02-04 11:00:00,70.80702850626027,0.8227785401291978,100.52957859473405,0
Device_D,2024-02-04 12:00:00,64.90569696202373,1.2143364330832713,103.13950646929152,0
Device_A,2024-02-04 13:00:00,67.5469551832236,1.4567573732903167,103.36569382958503,0
Device_C,2024-02-04 14:00:00,69.75896196771423,0.25622695805094636,99.82825569224299,1
Device_C,2024-02-04 15:00:00,73.95723494629176,1.2870425171647948,100.27222064548407,0
Device_C,2024-02-04 16:00:00,64.03618739775257,0.9293747661808516,102.35484431900643,0
Device_C,2024-02-04 17:00:00,57.8696703749778,0.9755943378967828,100.66070677066298,0
Device_A,2024-02-04 18:00:00,68.202748877881,0.7788412994981451,98.2428356155871,0
Device_A,2024-02-04 19:00:00,66.40917189018506,0.20586431423102064,99.04026141549386,0
Device_A,2024-02-04 20:00:00,72.69038196201925,0.9737833000233456,96.88339305068592,0
Device_B,2024-02-04 21:00:00,74.99697691108746,1.432768766275369,98.53662396969102,0
Device_B,2024-02-04 22:00:00,67.43190782538068,0.31530185363492763,98.91398363466739,0
Device_C,2024-02-04 23:00:00,70.86750235352848,0.3114232630456304,100.52464760420573,0
Device_D,2024-02-05 00:00:00,66.81786582836769,0.7855562832682799,105.26874089037204,0
Device_A,2024-02-05 01:00:00,67.24158809912704,0.5585241378761332,99.74284227645174,0
Device_D,2024-02-05 02:00:00,64.15266695503595,1.4499044196243243,102.40198890146894,0
Device_B,2024-02-05 03:00:00,77.03639069806361,0.4678359358180272,100.16613863145027,0
Device_C,2024-02-05 04:00:00,59.11196285788304,0.9016351481521185,99.31599232595426,0
Device_B,2024-02-05 05:00:00,71.32917627646525,0.4653452213442559,99.86516282130587,0
Device_D,2024-02-05 06:00:00,62.17204260310674,1.3646953530693087,100.32657796626278,0
Device_D,2024-02-05 07:00:00,74.06400322219008,0.36100364014366143,102.59696126920517,0
Device_A,2024-02-05 08:00:00,78.93764444988994,0.7245423633092436,100.94707318609014,1
Device_D,2024-02-05 09:00:00,70.3445457767944,0.2547985678493122,98.30191979733198,0
Device_D,2024-02-05 10:00:00,68.13883790539927,1.1206169625174012,100.1237542766582,0
Device_D,2024-02-05 11:00:00,79.16287150657462,1.2264986727985814,98.37279858667858,0
Device_A,2024-02-05 12:00:00,66.30297911463995,0.23128208443736264,92.84837425682849,0
Device_B,2024-02-05 13:00:00,70.60065307796503,1.3238429311118587,102.44264161737121,0
Device_A,2024-02-05 14:00:00,61.790744959199486,1.1757517069352814,102.86307315462142,0
Device_A,2024-02-05 15:00:00,68.61495737163007,1.0751157272060878,101.28836994543872,0
Device_B,2024-02-05 16:00:00,71.26367481059484,1.4734236833401135,102.14067070365108,0
Device_A,2024-02-05 17:00:00,66.83806050086523,0.4837751381236867,103.65294489117363,0
Device_B,2024-02-05 18:00:00,70.68752818310406,1.2688724933319702,101.12674576704555,0
Device_A,2024-02-05 19:00:00,66.71419983513269,0.8143848410863428,100.31705559867795,0
Device_D,2024-02-05 20:00:00,74.07484683170402,0.7356659644432213,102.41078301535465,0
Device_D,2024-02-05 21:00:00,75.02226501114171,0.2021136059215251,103.52542276907218,0
Device_C,2024-02-05 22:00:00,72.22319144904934,1.1446247867319446,102.48247595064876,0
Device_D,2024-02-05 23:00:00,68.4954173245526,1.2204908974858613,99.16921003993016,0
Device_C,2024-02-06 00:00:00,75.86226564350416,1.243770520731386,99.08353621375123,0
Device_C,2024-02-06 01:00:00,65.7756817874705,1.0677069507213894,102.74083704290342,0
Device_B,2024-02-06 02:00:00,78.23873287806764,0.766158171928139,101.44925636565758,1
Device_A,2024-02-06 03:00:00,64.64705986826606,0.7406324324933851,99.2389591220373,0
Device_B,2024-02-06 04:00:00,73.72129459293141,1.1968060672732006,100.43834277032937,0
Device_A,2024-02-06 05:00:00,62.031798395637765,0.9747247962897609,99.95240431547224,0
Device_C,2024-02-06 06:00:00,67.01640466776453,0.27313345414867,99.14987464254777,0
Device_B,2024-02-06 07:00:00,76.6200894028611,1.0139740089634528,98.8776031887639,0
Device_D,2024-02-06 08:00:00,75.23146543495088,0.5904330758530858,99.8935820365374,0
Device_C,2024-02-06 09:00:00,71.1742686146237,0.8933339587371243,103.9950003727123,0
Device_D,2024-02-06 10:00:00,66.04112743045687,1.0047847083885495,99.01951148332589,0
Device_B,2024-02-06 11:00:00,73.15680397779607,1.1488668589215885,102.23080376194686,0
Device_C,2024-02-06 12:00:00,77.69580883761289,0.9769639073432732,103.91550195257541,0
Device_C,2024-02-06 13:00:00,66.90263705009424,0.3320980893143321,103.06573247997967,0
Device_C,2024-02-06 14:00:00,79.95947140073271,1.1267529030654402,102.02626917703847,0
Device_D,2024-02-06 15:00:00,64.30528439406899,0.73284251327009,102.11769918218431,0
Device_D,2024-02-06 16:00:00,71.24177194534563,0.5359956741436745,100.8922424245291,0
Device_A,2024-02-06 17:00:00,68.91404081883304,0.6101196331621067,99.829414017297,0
Device_D,2024-02-06 18:00:00,59.29231037259038,0.7949965073629661,103.74509973283622,0
Device_C,2024-02-06 19:00:00,75.78734950915558,0.573298711153829,103.9498988175462,0
Device_A,2024-02-06 20:00:00,67.15392666036625,0.6915185216251204,101.16550112912667,0
Device_D,2024-02-06 21:00:00,83.32146779218363,0.6377216867016375,102.4227822213305,0
Device_A,2024-02-06 22:00:00,77.21183643832322,0.8333234872463582,101.11670083817828,0
Device_A,2024-02-06 23:00:00,68.85766909629562,0.35292346288375515,102.80839182546097,0
Device_A,2024-02-07 00:00:00,71.6222109543928,0.5116721173245409,100.26082115460812,0
Device_B,2024-02-07 01:00:00,61.11649895833517,0.5765436610027042,99.26137927083742,0
Device_B,2024-02-07 02:00:00,76.21485060083175,0.8939328558812489,101.83533053290112,0
Device_B,2024-02-07 03:00:00,74.74066500298845,1.0162507403166072,100.85402478190322,0
Device_A,2024-02-07 04:00:00,74.71281061599521,0.6709884170052143,101.96139290038927,0
Device_D,2024-02-07 05:00:00,67.30073898742619,0.8589718738607783,104.87096236953987,0
Device_A,2024-02-07 06:00:00,78.54282995128062,0.2834565234564609,104.57238266968801,0
Device_B,2024-02-07 07:00:00,70.44982251276149,0.7356779954839217,104.41817634640327,0
Device_A,2024-02-07 08:00:00,72.34524274677383,1.3426362600217099,100.65464378548535,0
Device_A,2024-02-07 09:00:00,71.2700911980003,1.2048236237878425,99.85157389930961,0
Device_A,2024-02-07 10:00:00,66.18028427194052,1.2541520403570974,100.90582311920353,0
Device_C,2024-02-07 11:00:00,78.36912765927657,1.2582121528248151,101.40656027813033,0
Device_C,2024-02-07 12:00:00,64.81458670777539,0.7799834790140958,103.48656421690254,0
Device_A,2024-02-07 13:00:00,70.78333924788213,0.2203071065893883,102.08733839298034,0
Device_C,2024-02-07 14:00:00,69.90827332683347,0.7674948276540203,105.37605803438083,0
Device_B,2024-02-07 15:00:00,64.94875791788542,1.4006149473875544,100.64149737593159,0
Device_B,2024-02-07 16:00:00,73.47284034836734,0.23846649574674966,99.8471448519036,1
Device_B,2024-02-07 17:00:00,76.78318663442322,0.4945197903880018,97.63097114145533,0
Device_C,2024-02-07 18:00:00,74.72872539578182,0.2684945029971023,101.87931879326817,0
Device_C,2024-02-07 19:00:00,62.23936201827914,0.9094374827201954,100.8638872679612,0
Device_D,2024-02-07 20:00:00,67.09392564702165,1.0054674939423143,103.62554098758514,0
Device_D,2024-02-07 21:00:00,62.924032686608854,0.6002884102697587,97.75200216527031,0
Device_D,2024-02-07 22:00:00,72.38704327239157,0.6906935461601719,104.67218997951922,0
Device_B,2024-02-07 23:00:00,73.37325675631817,0.38254951294670086,101.43335878340326,0
Device_D,2024-02-08 00:00:00,69.53367164694342,0.6773693362265554,101.90012551014955,0
Device_D,2024-02-08 01:00:00,73.29954967900487,1.1237253917427976,102.22751532606067,0
Device_A,2024-02-08 02:00:00,73.48739612058185,0.6270994158542088,102.45160764919443,0
Device_A,2024-02-08 03:00:00,71.79498618718998,0.9398656835480077,99.0692722187074,0
Device_D,2024-02-08 04:00:00,67.7967468197743,0.7387217990034505,99.89449639992965,0
Device_A,2024-02-08 05:00:00,63.437950044213935,0.8059795572098054,107.7848154175235,0
Device_A,2024-02-08 06:00:00,80.32973953339499,1.017666194327811,102.32843836821199,0
Device_D,2024-02-08 07:00:00,68.04236985377966,1.2963245715548761,101.56817758029794,0
Device_C,2024-02-08 08:00:00,66.70437853453367,0.7820230116575446,97.97610808345496,0
Device_B,2024-02-08 09:00:00,73.28014061738463,1.2752842797792043,103.39191180733359,0
Device_B,2024-02-08 10:00:00,73.02683452327683,1.055577278852936,102.90586521558663,0
Device_B,2024-02-08 11:00:00,73.6456042575189,0.29172442440879587,103.9223330378612,0
Device_B,2024-02-08 12:00:00,70.739007813994,0.5818111326156221,100.78136967921175,0
Device_C,2024-02-08 13:00:00,66.69644741150627,0.5903959429325198,97.97326940345229,0
Device_C,2024-02-08 14:00:00,68.57204019113786,0.20823843991461072,103.224163781842,0
Device_C,2024-02-08 15:00:00,69.66640244903421,0.6367309494963097,102.87773964355303,0
Device_C,2024-02-08 16:00:00,68.70628078067955,0.46095126677345855,104.18572502108077,1
Device_A,2024-02-08 17:00:00,65.96807288757282,0.8626066792215124,96.22754059633118,0
Device_D,2024-02-08 18:00:00,81.51000770888568,0.5355587989250566,103.46870283127741,0
Device_A,2024-02-08 19:00:00,69.20248989226367,0.4080064362840087,102.16766047163229,0
Device_C,2024-02-08 20:00:00,70.82313997195708,0.9596997364025599,103.35189449810885,0
Device_A,2024-02-08 21:00:00,69.25095882814327,1.299704470923443,103.01696877857086,0
Device_A,2024-02-08 22:00:00,68.67497075159203,0.32275441302908614,100.5661514595418,0
Device_D,2024-02-08 23:00:00,61.49785830652135,1.1588458584591532,100.14137176606727,0
Device_D,2024-02-09 00:00:00,71.13656449589149,1.4154924840492957,102.98766436411445,0
Device_D,2024-02-09 01:00:00,74.34950164996809,0.8615290783912493,98.62301948347644,0
Device_B,2024-02-09 02:00:00,78.51461010135678,1.2779130941424741,104.07390943531355,1
Device_A,2024-02-09 03:00:00,69.15691485690569,0.31008953144632234,101.51242891004694,0
Device_B,2024-02-09 04:00:00,67.60909511557105,0.2112604650823413,104.39170275130758,0
Device_C,2024-02-09 05:00:00,69.35347556041432,0.806425318623476,103.78177404911243,0
Device_D,2024-02-09 06:00:00,70.72738746113086,0.5853249725672436,101.52355231311685,0
Device_B,2024-02-09 07:00:00,68.54772696460952,0.5597513930124915,102.98703975511614,0
Device_A,2024-02-09 08:00:00,59.83459212776728,0.33418284411570665,103.03954724324552,0
Device_D,2024-02-09 09:00:00,67.6101153164969,0.8796361934819403,103.54887615725416,0
Device_B,2024-02-09 10:00:00,79.82019028609353,0.8360061846688529,99.2387558525832,0
Device_C,2024-02-09 11:00:00,64.52870739225888,1.125575059184483,100.06892544177754,0
Device_B,2024-02-09 12:00:00,68.40857562211116,0.3530380356544294,98.10540792280949,0
Device_C,2024-02-09 13:00:00,75.18836529673355,0.8804722813112833,101.90973226774315,0
Device_B,2024-02-09 14:00:00,78.48689306993273,1.1220894672565878,105.52381463937185,0
Device_B,2024-02-09 15:00:00,64.25996979345247,0.20603601714598252,103.70678287054625,0
Device_B,2024-02-09 16:00:00,68.83327090427221,1.0100823156193848,102.62519150495426,0
Device_C,2024-02-09 17:00:00,62.10992954355464,1.0658912166020673,106.32992865042459,0
Device_A,2024-02-09 18:00:00,66.37820221878864,0.990578659223909,100.68787027102391,1
Device_C,2024-02-09 19:00:00,65.69460155045553,0.7112893201543473,99.15544821599407,0
Device_B,2024-02-09 20:00:00,68.62517298931962,1.3181500492168978,97.3763406753281,0
Device_C,2024-02-09 21:00:00,73.64726484283759,0.8210682045287001,99.03218476887389,0
Device_C,2024-02-09 22:00:00,78.22354252552167,1.4563598987774076,100.93234986589545,0
Device_D,2024-02-09 23:00:00,77.24007285173553,1.0195407469889022,100.80955148348865,0
Device_A,2024-02-10 00:00:00,80.52683949524179,1.034113698704455,99.46053205044386,0
Device_A,2024-02-10 01:00:00,65.85084074808267,0.7662358105781146,104.52262984509755,0
Device_D,2024-02-10 02:00:00,65.82207065051165,1.4058222811358472,101.97174454472301,0
Device_B,2024-02-10 03:00:00,73.9147608522616,0.2394765257464886,100.29230257131297,0
Device_B,2024-02-10 04:00:00,67.10425637412881,0.22741787941613043,99.07352796842748,0
Device_C,2024-02-10 05:00:00,73.36551569388844,1.1815199925137214,105.50485251164555,0
Device_C,2024-02-10 06:00:00,64.89397244868937,0.21833271886363798,102.22879343400368,0
Device_C,2024-02-10 07:00:00,69.08116339040937,0.8973374253959141,98.30112066933785,0
Device_D,2024-02-10 08:00:00,66.55786716766123,1.067308644396848,102.20942042761237,0
Device_B,2024-02-10 09:00:00,66.85929433975973,0.8748957809450748,99.23958387612393,0
Device_A,2024-02-10 10:00:00,64.32062974157108,1.4868430596041071,102.03394725957881,0
Device_D,2024-02-10 11:00:00,77.93663075920196,0.4631641450408754,99.48349061975803,0
Device_A,2024-02-10 12:00:00,66.97845260511916,0.5805011560632467,103.53041347459578,0
Device_D,2024-02-10 13:00:00,71.75293680384668,1.2268628407903484,101.48938358017284,0
Device_C,2024-02-10 14:00:00,77.34674596255088,0.3432030414298601,98.93753536424393,0
Device_C,2024-02-10 15:00:00,67.93820061173084,0.629972457766514,100.40197905832292,0
Device_C,2024-02-10 16:00:00,73.92387835915245,0.4493602191023065,102.00084325685327,0
Device_A,2024-02-10 17:00:00,65.3296471980351,1.3396140072174274,102.68670700310106,0
Device_C,2024-02-10 18:00:00,73.14214750911835,0.8357567145263514,100.23085567395043,0
Device_B,2024-02-10 19:00:00,74.60658526633792,0.8992861122556419,101.65989942633662,0
Device_D,2024-02-10 20:00:00,62.25606551623889,0.49462651129998597,99.05240121777611,0
Device_D,2024-02-10 21:00:00,73.92691207984072,0.606063870822884,101.70987468241208,0
Device_D,2024-02-10 22:00:00,65.12799543346566,1.4902541511169216,100.1782015627782,0
Device_C,2024-02-10 23:00:00,74.91162238425852,0.9846144193020072,103.28826131656616,0
Device_C,2024-02-11 00:00:00,67.28400752168926,1.0599591993106898,102.50759819448525,0
Device_C,2024-02-11 01:00:00,73.7790020001957,0.3233698784230821,100.52981823827047,0
Device_B,2024-02-11 02:00:00,71.1064413397635,0.8945389037873475,100.0738499555581,0
Device_D,2024-02-11 03:00:00,75.30096024968915,1.476460587505046,100.70418082110722,0
Device_A,2024-02-11 04:00:00,66.86359966753659,0.846949772977553,103.80247745657412,0
Device_D,2024-02-11 05:00:00,69.55031418096213,0.5443728398532575,103.6191913237468,0
Device_A,2024-02-11 06:00:00,66.67169534287953,1.3322949072811088,101.20219262915094,0
Device_A,2024-02-11 07:00:00,67.89123418822808,1.3384260470541027,98.56604161449143,0
Device_B,2024-02-11 08:00:00,76.81121171762317,0.29312008450726984,100.9906447184973,0
Device_A,2024-02-11 09:00:00,68.8003727401899,0.6534501147505456,100.92305488237766,0
Device_D,2024-02-11 10:00:00,68.67183768555935,1.2240287003892358,101.38037039250395,0
Device_C,2024-02-11 11:00:00,71.32359885605253,1.3913505024630823,99.09710949448069,0
Device_A,2024-02-11 12:00:00,72.95172418061657,1.3866113684107557,100.18148435672913,0
Device_A,2024-02-11 13:00:00,65.97881579876227,0.2261251822353384,97.39398200858707,0
Device_C,2024-02-11 14:00:00,71.22924150337178,0.36034091781190625,101.45482081304041,0
Device_C,2024-02-11 15:00:00,69.12193502637669,0.4488005308303277,101.24028638864361,0
